id,price,availability_365
1,00,160,00,283,00
2,00,350,00,343,00
3,00,50,00,60,00
4,00,95,00,365,00
5,00,50,00,351,00
6,00,99,00,361,00
7,00,100,00,21,00
8,00,100,00,365,00
9,00,38,00,360,00
10,00,71,00,352,00
11,00,97,00,3,00
12,00,55,00,0,00
13,00,50,00,365,00
14,00,99,00,339,00
15,00,60,00,361,00
16,00,52,00,359,00
17,00,23,00,333,00
18,00,200,00,363,00
19,00,40,00,0,00
20,00,135,00,365,00
21,00,100,00,365,00
22,00,225,00,365,00
23,00,129,00,120,00
24,00,149,00,18,00
25,00,150,00,351,00
26,00,175,00,361,00
27,00,239,00,345,00
28,00,65,00,63,00
29,00,71,00,319,00
30,00,80,00,123,00
31,00,250,00,340,00
32,00,138,00,365,00
33,00,94,00,308,00
34,00,283,00,297,00
35,00,127,00,0,00
36,00,79,00,349,00
37,00,110,00,62,00
38,00,38,00,363,00
39,00,480,00,325,00
40,00,372,00,326,00
41,00,125,00,57,00
42,00,89,00,161,00
43,00,80,00,360,00
44,00,90,00,313,00
45,00,110,00,345,00
46,00,100,00,0,00
47,00,250,00,41,00
48,00,55,00,364,00
49,00,55,00,362,00
50,00,400,00,365,00
51,00,35,00,360,00
52,00,160,00,0,00
53,00,130,00,346,00
54,00,50,00,194,00
55,00,150,00,365,00
56,00,40,00,267,00
57,00,45,00,354,00
58,00,55,00,345,00
59,00,200,00,365,00
60,00,65,00,296,00
61,00,94,00,361,00
62,00,65,00,336,00
63,00,64,00,336,00
64,00,59,00,353,00
65,00,125,00,365,00
66,00,74,00,336,00
67,00,69,00,353,00
68,00,49,00,356,00
69,00,60,00,364,00
70,00,69,00,348,00
71,00,157,00,324,00
72,00,128,00,301,00
73,00,135,00,138,00
74,00,90,00,327,00
75,00,102,00,335,00
76,00,99,00,22,00
77,00,195,00,167,00
78,00,160,00,347,00
79,00,95,00,287,00
80,00,120,00,294,00
81,00,249,00,150,00
82,00,88,00,25,00
83,00,90,00,0,00
84,00,150,00,325,00
85,00,125,00,30,00
86,00,85,00,344,00
87,00,400,00,340,00
88,00,120,00,364,00
89,00,215,00,343,00
90,00,90,00,363,00
91,00,50,00,324,00
92,00,100,00,336,00
93,00,65,00,29,00
94,00,55,00,356,00
95,00,129,00,173,00
96,00,45,00,275,00
97,00,299,00,159,00
98,00,309,00,356,00
99,00,375,00,365,00
100,00,180,00,308,00
101,00,149,00,334,00
102,00,337,00,42,00
103,00,299,00,360,00
104,00,249,00,365,00
105,00,126,00,326,00
106,00,99,00,13,00
107,00,299,00,365,00
108,00,199,00,89,00
109,00,89,00,275,00
110,00,165,00,365,00
111,00,309,00,365,00
112,00,115,00,305,00
113,00,130,00,21,00
114,00,95,00,337,00
115,00,50,00,89,00
116,00,569,00,90,00
117,00,55,00,365,00
118,00,49,00,280,00
119,00,250,00,350,00
120,00,198,00,365,00
121,00,311,00,45,00
122,00,95,00,49,00
123,00,59,00,346,00
124,00,167,00,343,00
125,00,165,00,138,00
126,00,104,00,344,00
127,00,99,00,58,00
128,00,159,00,360,00
129,00,190,00,129,00
130,00,246,00,57,00
131,00,200,00,305,00
132,00,215,00,353,00
133,00,450,00,365,00
134,00,234,00,365,00
135,00,110,00,345,00
136,00,225,00,335,00
137,00,249,00,365,00
138,00,109,00,60,00
139,00,250,00,53,00
140,00,135,00,182,00
141,00,87,00,357,00
142,00,210,00,343,00
143,00,300,00,299,00
144,00,189,00,343,00
145,00,120,00,273,00
146,00,200,00,285,00
147,00,269,00,145,00
148,00,569,00,365,00
149,00,120,00,305,00
150,00,109,00,273,00
151,00,150,00,99,00
152,00,95,00,323,00
153,00,119,00,2,00
154,00,97,00,353,00
155,00,99,00,84,00
156,00,295,00,346,00
157,00,149,00,329,00
158,00,110,00,330,00
159,00,180,00,335,00
160,00,150,00,169,00
161,00,150,00,334,00
162,00,155,00,0,00
163,00,85,00,209,00
164,00,130,00,302,00
165,00,120,00,14,00
166,00,90,00,348,00
167,00,149,00,255,00
168,00,569,00,90,00
169,00,180,00,284,00
170,00,55,00,84,00
171,00,229,00,323,00
172,00,75,00,26,00
173,00,569,00,90,00
174,00,105,00,267,00
175,00,259,00,365,00
176,00,120,00,3,00
177,00,119,00,0,00
178,00,139,00,114,00
179,00,90,00,361,00
180,00,109,00,341,00
181,00,150,00,345,00
182,00,295,00,330,00
183,00,210,00,335,00
184,00,329,00,345,00
185,00,125,00,11,00
186,00,150,00,350,00
187,00,175,00,270,00
188,00,129,00,41,00
189,00,239,00,365,00
190,00,250,00,353,00
191,00,168,00,328,00
192,00,79,00,36,00
193,00,65,00,346,00
194,00,290,00,354,00
195,00,725,00,87,00
196,00,109,00,306,00
197,00,99,00,335,00
198,00,569,00,365,00
199,00,120,00,62,00
200,00,290,00,0,00
201,00,145,00,34,00
202,00,210,00,347,00
203,00,90,00,340,00
204,00,99,00,58,00
205,00,399,00,365,00
206,00,239,00,365,00
207,00,150,00,74,00
208,00,199,00,92,00
209,00,135,00,230,00
210,00,295,00,360,00
211,00,429,00,72,00
212,00,400,00,278,00
213,00,295,00,321,00
214,00,179,00,305,00
215,00,309,00,353,00
216,00,90,00,56,00
217,00,43,00,233,00
218,00,120,00,28,00
219,00,269,00,348,00
220,00,150,00,223,00
221,00,269,00,365,00
222,00,185,00,364,00
223,00,120,00,30,00
224,00,220,00,321,00
225,00,99,00,2,00
226,00,99,00,161,00
227,00,250,00,365,00
228,00,249,00,365,00
229,00,259,00,27,00
230,00,300,00,293,00
231,00,289,00,365,00
232,00,200,00,345,00
233,00,249,00,365,00
234,00,81,00,40,00
235,00,200,00,66,00
236,00,194,00,156,00
237,00,89,00,237,00
238,00,159,00,296,00
239,00,85,00,0,00
240,00,100,00,0,00
241,00,189,00,290,00
242,00,150,00,363,00
243,00,175,00,317,00
244,00,120,00,313,00
245,00,155,00,284,00
246,00,629,00,90,00
247,00,311,00,43,00
248,00,571,00,365,00
249,00,339,00,348,00
250,00,210,00,342,00
251,00,299,00,359,00
252,00,170,00,358,00
253,00,135,00,304,00
254,00,245,00,337,00
255,00,249,00,365,00
256,00,99,00,351,00
257,00,149,00,365,00
258,00,99,00,354,00
259,00,295,00,303,00
260,00,400,00,143,00
261,00,65,00,42,00
262,00,99,00,320,00
263,00,179,00,203,00
264,00,150,00,284,00
265,00,140,00,288,00
266,00,179,00,325,00
267,00,135,00,329,00
268,00,250,00,8,00
269,00,95,00,17,00
270,00,170,00,48,00
271,00,299,00,363,00
272,00,150,00,115,00
273,00,250,00,346,00
274,00,105,00,0,00
275,00,120,00,37,00
276,00,399,00,365,00
277,00,629,00,365,00
278,00,569,00,90,00
279,00,70,00,36,00
280,00,110,00,50,00
281,00,259,00,27,00
282,00,99,00,9,00
283,00,289,00,345,00
284,00,124,00,292,00
285,00,259,00,365,00
286,00,80,00,51,00
287,00,96,00,289,00
288,00,189,00,336,00
289,00,289,00,179,00
290,00,299,00,365,00
291,00,170,00,57,00
292,00,130,00,37,00
293,00,149,00,118,00
294,00,259,00,57,00
295,00,349,00,320,00
296,00,78,00,310,00
297,00,125,00,27,00
298,00,95,00,170,00
299,00,130,00,62,00
300,00,72,00,350,00
301,00,175,00,156,00
302,00,246,00,57,00
303,00,140,00,68,00
304,00,65,00,76,00
305,00,125,00,0,00
306,00,85,00,153,00
307,00,309,00,178,00
308,00,569,00,90,00
309,00,150,00,170,00
310,00,279,00,365,00
311,00,154,00,268,00
312,00,165,00,307,00
313,00,149,00,329,00
314,00,104,00,320,00
315,00,125,00,331,00
316,00,259,00,6,00
317,00,155,00,156,00
318,00,259,00,365,00
319,00,189,00,350,00
320,00,110,00,0,00
321,00,58,00,194,00
322,00,68,00,90,00
323,00,309,00,365,00
324,00,160,00,274,00
325,00,80,00,349,00
326,00,569,00,90,00
327,00,103,00,67,00
328,00,629,00,365,00
329,00,324,00,27,00
330,00,90,00,278,00
331,00,329,00,362,00
332,00,299,00,356,00
333,00,349,00,361,00
334,00,95,00,96,00
335,00,189,00,344,00
336,00,324,00,27,00
337,00,100,00,230,00
338,00,299,00,279,00
339,00,215,00,2,00
340,00,319,00,359,00
341,00,155,00,365,00
342,00,209,00,337,00
343,00,249,00,365,00
344,00,329,00,365,00
345,00,99,00,321,00
346,00,324,00,24,00
347,00,168,00,306,00
348,00,215,00,127,00
349,00,159,00,360,00
350,00,629,00,90,00
351,00,629,00,90,00
352,00,89,00,85,00
353,00,36,00,349,00
354,00,100,00,1,00
355,00,115,00,311,00
356,00,239,00,365,00
357,00,100,00,25,00
358,00,189,00,365,00
359,00,159,00,360,00
360,00,100,00,365,00
361,00,100,00,356,00
362,00,160,00,150,00
363,00,130,00,5,00
364,00,125,00,118,00
365,00,115,00,274,00
366,00,189,00,51,00
367,00,140,00,185,00
368,00,1000,00,0,00
369,00,165,00,189,00
370,00,115,00,22,00
371,00,249,00,365,00
372,00,132,00,0,00
373,00,189,00,308,00
374,00,79,00,116,00
375,00,239,00,365,00
376,00,150,00,61,00
377,00,96,00,302,00
378,00,139,00,12,00
379,00,99,00,120,00
380,00,56,00,334,00
381,00,219,00,365,00
382,00,295,00,151,00
383,00,100,00,158,00
384,00,229,00,351,00
385,00,300,00,318,00
386,00,120,00,337,00
387,00,105,00,18,00
388,00,108,00,25,00
389,00,118,00,342,00
390,00,310,00,326,00
391,00,100,00,71,00
392,00,188,00,241,00
393,00,65,00,40,00
394,00,116,00,282,00
395,00,149,00,55,00
396,00,150,00,356,00
397,00,70,00,161,00
398,00,130,00,365,00
399,00,95,00,7,00
400,00,165,00,81,00
401,00,155,00,365,00
402,00,324,00,24,00
403,00,150,00,333,00
404,00,109,00,64,00
405,00,110,00,16,00
406,00,324,00,27,00
407,00,60,00,101,00
408,00,160,00,347,00
409,00,95,00,95,00
410,00,128,00,340,00
411,00,50,00,341,00
412,00,75,00,151,00
413,00,135,00,344,00
414,00,249,00,365,00
415,00,120,00,338,00
416,00,179,00,85,00
417,00,53,00,346,00
418,00,115,00,51,00
419,00,70,00,320,00
420,00,159,00,282,00
421,00,209,00,363,00
422,00,50,00,310,00
423,00,175,00,334,00
424,00,130,00,365,00
425,00,329,00,365,00
426,00,64,00,86,00
427,00,70,00,363,00
428,00,80,00,347,00
429,00,800,00,365,00
430,00,41,00,357,00
431,00,55,00,365,00
432,00,65,00,365,00
433,00,42,00,61,00
434,00,60,00,365,00
435,00,39,00,217,00
436,00,300,00,275,00
437,00,100,00,128,00
438,00,60,00,316,00
439,00,140,00,316,00
440,00,95,00,347,00
441,00,150,00,48,00
442,00,214,00,348,00
443,00,129,00,327,00
444,00,100,00,1,00
445,00,120,00,364,00
446,00,399,00,286,00
447,00,84,00,156,00
448,00,110,00,111,00
449,00,200,00,126,00
450,00,120,00,316,00
451,00,83,00,317,00
452,00,79,00,363,00
453,00,299,00,293,00
454,00,207,00,27,00
455,00,55,00,328,00
456,00,85,00,345,00
457,00,135,00,2,00
458,00,100,00,0,00
459,00,70,00,346,00
460,00,100,00,0,00
461,00,230,00,304,00
462,00,140,00,115,00
463,00,495,00,365,00
464,00,115,00,285,00
465,00,65,00,31,00
466,00,115,00,25,00
467,00,99,00,358,00
468,00,158,00,131,00
469,00,399,00,308,00
470,00,150,00,274,00
471,00,289,00,365,00
472,00,150,00,129,00
473,00,350,00,57,00
474,00,298,00,47,00
475,00,70,00,364,00
476,00,130,00,89,00
477,00,100,00,242,00
478,00,125,00,28,00
479,00,150,00,237,00
480,00,95,00,145,00
481,00,130,00,342,00
482,00,250,00,0,00
483,00,175,00,25,00
484,00,69,00,0,00
485,00,175,00,357,00
486,00,85,00,217,00
487,00,180,00,228,00
488,00,150,00,345,00
489,00,139,00,320,00
490,00,111,00,343,00
491,00,95,00,1,00
492,00,85,00,363,00
493,00,115,00,283,00
494,00,199,00,351,00
495,00,150,00,252,00
496,00,115,00,225,00
497,00,99,00,273,00
498,00,85,00,273,00
499,00,193,00,136,00
500,00,298,00,47,00
501,00,63,00,354,00
502,00,299,00,334,00
503,00,185,00,361,00
504,00,120,00,0,00
505,00,125,00,65,00
506,00,110,00,275,00
507,00,93,00,291,00
508,00,80,00,63,00
509,00,195,00,283,00
510,00,90,00,332,00
511,00,250,00,101,00
512,00,225,00,364,00
513,00,135,00,296,00
514,00,259,00,365,00
515,00,60,00,274,00
516,00,60,00,215,00
517,00,100,00,311,00
518,00,100,00,30,00
519,00,109,00,96,00
520,00,312,00,330,00
521,00,175,00,364,00
522,00,375,00,18,00
523,00,71,00,352,00
524,00,110,00,14,00
525,00,75,00,88,00
526,00,150,00,327,00
527,00,120,00,325,00
528,00,119,00,341,00
529,00,200,00,336,00
530,00,600,00,355,00
531,00,175,00,364,00
532,00,119,00,25,00
533,00,209,00,310,00
534,00,135,00,263,00
535,00,45,00,0,00
536,00,250,00,338,00
537,00,80,00,311,00
538,00,110,00,7,00
539,00,150,00,329,00
540,00,105,00,359,00
541,00,119,00,353,00
542,00,90,00,67,00
543,00,340,00,65,00
544,00,180,00,291,00
545,00,265,00,340,00
546,00,105,00,112,00
547,00,240,00,365,00
548,00,98,00,329,00
549,00,112,00,153,00
550,00,110,00,315,00
551,00,140,00,334,00
552,00,70,00,358,00
553,00,229,00,341,00
554,00,162,00,343,00
555,00,102,00,26,00
556,00,73,00,65,00
557,00,190,00,238,00
558,00,149,00,331,00
559,00,80,00,364,00
560,00,99,00,152,00
561,00,120,00,274,00
562,00,150,00,49,00
563,00,599,00,346,00
564,00,62,00,28,00
565,00,50,00,242,00
566,00,240,00,363,00
567,00,139,00,357,00
568,00,150,00,365,00
569,00,250,00,20,00
570,00,68,00,30,00
571,00,299,00,354,00
572,00,720,00,340,00
573,00,200,00,336,00
574,00,71,00,97,00
575,00,125,00,33,00
576,00,145,00,304,00
577,00,130,00,21,00
578,00,185,00,364,00
579,00,225,00,324,00
580,00,130,00,111,00
581,00,178,00,347,00
582,00,80,00,180,00
583,00,90,00,349,00
584,00,125,00,276,00
585,00,120,00,337,00
586,00,80,00,15,00
587,00,100,00,342,00
588,00,105,00,24,00
589,00,128,00,343,00
590,00,300,00,355,00
591,00,275,00,65,00
592,00,200,00,237,00
593,00,280,00,334,00
594,00,99,00,143,00
595,00,175,00,300,00
596,00,97,00,57,00
597,00,130,00,341,00
598,00,215,00,364,00
599,00,75,00,281,00
600,00,185,00,364,00
601,00,70,00,356,00
602,00,97,00,292,00
603,00,130,00,310,00
604,00,120,00,288,00
605,00,110,00,272,00
606,00,225,00,334,00
607,00,140,00,340,00
608,00,160,00,208,00
609,00,125,00,311,00
610,00,150,00,365,00
611,00,90,00,5,00
612,00,1250,00,365,00
613,00,390,00,161,00
614,00,100,00,346,00
615,00,150,00,357,00
616,00,95,00,78,00
617,00,250,00,347,00
618,00,65,00,350,00
619,00,70,00,324,00
620,00,290,00,282,00
621,00,120,00,331,00
622,00,130,00,124,00
623,00,84,00,152,00
624,00,129,00,71,00
625,00,125,00,104,00
626,00,150,00,273,00
627,00,130,00,107,00
628,00,210,00,361,00
629,00,497,00,332,00
630,00,100,00,0,00
631,00,300,00,276,00
632,00,108,00,354,00
633,00,300,00,76,00
634,00,75,00,38,00
635,00,120,00,8,00
636,00,249,00,365,00
637,00,100,00,358,00
638,00,125,00,348,00
639,00,145,00,348,00
640,00,330,00,35,00
641,00,60,00,98,00
642,00,69,00,232,00
643,00,130,00,342,00
644,00,129,00,143,00
645,00,249,00,365,00
646,00,79,00,61,00
647,00,164,00,261,00
648,00,164,00,71,00
649,00,299,00,357,00
650,00,130,00,166,00
651,00,125,00,275,00
652,00,190,00,15,00
653,00,125,00,0,00
654,00,65,00,353,00
655,00,75,00,0,00
656,00,85,00,174,00
657,00,229,00,47,00
658,00,500,00,332,00
659,00,250,00,164,00
660,00,117,00,0,00
661,00,298,00,149,00
662,00,200,00,325,00
663,00,110,00,63,00
664,00,120,00,327,00
665,00,450,00,338,00
666,00,99,00,302,00
667,00,275,00,104,00
668,00,185,00,364,00
669,00,120,00,17,00
670,00,150,00,255,00
671,00,121,00,316,00
672,00,75,00,267,00
673,00,105,00,152,00
674,00,150,00,48,00
675,00,100,00,288,00
676,00,249,00,365,00
677,00,275,00,308,00
678,00,160,00,5,00
679,00,475,00,352,00
680,00,115,00,338,00
681,00,45,00,360,00
682,00,150,00,275,00
683,00,90,00,361,00
684,00,217,00,341,00
685,00,97,00,317,00
686,00,399,00,320,00
687,00,118,00,154,00
688,00,130,00,327,00
689,00,36,00,352,00
690,00,100,00,273,00
691,00,125,00,32,00
692,00,300,00,342,00
693,00,199,00,359,00
694,00,150,00,63,00
695,00,125,00,73,00
696,00,110,00,36,00
697,00,320,00,342,00
698,00,88,00,295,00
699,00,329,00,212,00
700,00,99,00,0,00
701,00,59,00,325,00
702,00,70,00,339,00
703,00,75,00,332,00
704,00,70,00,358,00
705,00,1300,00,365,00
706,00,58,00,365,00
707,00,55,00,289,00
708,00,47,00,164,00
709,00,60,00,111,00
710,00,135,00,271,00
711,00,89,00,325,00
712,00,150,00,363,00
713,00,65,00,365,00
714,00,109,00,345,00
715,00,99,00,351,00
716,00,69,00,239,00
717,00,300,00,88,00
718,00,114,00,183,00
719,00,100,00,211,00
720,00,69,00,301,00
721,00,350,00,59,00
722,00,100,00,335,00
723,00,115,00,365,00
724,00,99,00,354,00
725,00,43,00,46,00
726,00,50,00,37,00
727,00,380,00,361,00
728,00,80,00,90,00
729,00,149,00,346,00
730,00,39,00,34,00
731,00,50,00,331,00
732,00,115,00,344,00
733,00,850,00,365,00
734,00,58,00,365,00
735,00,650,00,81,00
736,00,150,00,266,00
737,00,99,00,360,00
738,00,110,00,343,00
739,00,40,00,95,00
740,00,110,00,315,00
741,00,165,00,363,00
742,00,600,00,363,00
743,00,299,00,98,00
744,00,120,00,116,00
745,00,260,00,277,00
746,00,125,00,323,00
747,00,500,00,248,00
748,00,175,00,365,00
749,00,33,00,164,00
750,00,40,00,137,00
751,00,60,00,365,00
752,00,33,00,327,00
753,00,50,00,363,00
754,00,49,00,365,00
755,00,38,00,162,00
756,00,65,00,362,00
757,00,49,00,0,00
758,00,59,00,51,00
759,00,200,00,308,00
760,00,113,00,347,00
761,00,250,00,359,00
762,00,65,00,321,00
763,00,169,00,16,00
764,00,1000,00,364,00
765,00,99,00,33,00
766,00,145,00,122,00
767,00,115,00,356,00
768,00,100,00,356,00
769,00,55,00,219,00
770,00,55,00,365,00
771,00,34,00,352,00
772,00,99,00,342,00
773,00,105,00,0,00
774,00,125,00,362,00
775,00,44,00,280,00
776,00,67,00,68,00
777,00,43,00,361,00
778,00,30,00,0,00
779,00,192,00,348,00
780,00,46,00,66,00
781,00,95,00,287,00
782,00,175,00,352,00
783,00,65,00,346,00
784,00,79,00,259,00
785,00,99,00,365,00
786,00,99,00,365,00
787,00,299,00,358,00
788,00,135,00,365,00
789,00,59,00,75,00
790,00,94,00,333,00
791,00,99,00,337,00
792,00,70,00,173,00
793,00,140,00,130,00
794,00,95,00,33,00
795,00,71,00,156,00
796,00,74,00,332,00
797,00,129,00,363,00
798,00,150,00,365,00
799,00,70,00,358,00
800,00,60,00,328,00
801,00,79,00,348,00
802,00,79,00,319,00
803,00,120,00,90,00
804,00,75,00,319,00
805,00,120,00,359,00
806,00,350,00,87,00
807,00,85,00,59,00
808,00,75,00,355,00
809,00,215,00,192,00
810,00,96,00,350,00
811,00,165,00,192,00
812,00,239,00,277,00
813,00,72,00,104,00
814,00,60,00,339,00
815,00,90,00,322,00
816,00,128,00,209,00
817,00,150,00,363,00
818,00,75,00,363,00
819,00,350,00,348,00
820,00,195,00,361,00
821,00,95,00,336,00
822,00,350,00,79,00
823,00,85,00,355,00
824,00,139,00,215,00
825,00,650,00,75,00
826,00,550,00,318,00
827,00,115,00,80,00
828,00,500,00,88,00
829,00,155,00,334,00
830,00,178,00,347,00
831,00,155,00,352,00
832,00,155,00,341,00
833,00,99,00,13,00
834,00,165,00,365,00
835,00,375,00,336,00
836,00,175,00,350,00
837,00,60,00,314,00
838,00,120,00,291,00
839,00,300,00,354,00
840,00,130,00,301,00
841,00,300,00,351,00
842,00,100,00,224,00
843,00,120,00,339,00
844,00,325,00,275,00
845,00,180,00,185,00
846,00,350,00,350,00
847,00,70,00,0,00
848,00,85,00,319,00
849,00,225,00,343,00
850,00,474,00,273,00
851,00,110,00,352,00
852,00,109,00,154,00
853,00,300,00,303,00
854,00,775,00,264,00
855,00,140,00,307,00
856,00,595,00,353,00
857,00,249,00,333,00
858,00,110,00,32,00
859,00,60,00,314,00
860,00,201,00,0,00
861,00,95,00,336,00
862,00,975,00,317,00
863,00,179,00,179,00
864,00,375,00,191,00
865,00,125,00,356,00
866,00,120,00,333,00
867,00,200,00,358,00
868,00,129,00,317,00
869,00,225,00,330,00
870,00,185,00,328,00
871,00,299,00,215,00
872,00,65,00,329,00
873,00,600,00,216,00
874,00,375,00,357,00
875,00,122,00,318,00
876,00,300,00,275,00
877,00,100,00,195,00
878,00,569,00,301,00
879,00,124,00,74,00
880,00,150,00,159,00
881,00,175,00,163,00
882,00,105,00,230,00
883,00,,
884,00,78,00,31,00
885,00,198,00,341,00
886,00,110,00,0,00
887,00,195,00,338,00
888,00,249,00,158,00
889,00,161,00,344,00
890,00,135,00,351,00
891,00,185,00,71,00
892,00,104,00,352,00
893,00,75,00,315,00
894,00,139,00,215,00
895,00,350,00,355,00
896,00,239,00,78,00
897,00,450,00,341,00
898,00,129,00,296,00
899,00,100,00,51,00
900,00,200,00,290,00
901,00,130,00,109,00
902,00,179,00,327,00
903,00,450,00,365,00
904,00,475,00,257,00
905,00,95,00,258,00
906,00,95,00,360,00
907,00,450,00,281,00
908,00,90,00,276,00
909,00,170,00,306,00
910,00,120,00,61,00
911,00,415,00,349,00
912,00,175,00,76,00
913,00,400,00,268,00
914,00,65,00,292,00
915,00,65,00,115,00
916,00,515,00,320,00
917,00,135,00,311,00
918,00,120,00,115,00
919,00,180,00,361,00
920,00,500,00,320,00
921,00,189,00,361,00
922,00,118,00,321,00
923,00,439,00,280,00
924,00,220,00,345,00
925,00,300,00,312,00
926,00,165,00,363,00
927,00,90,00,294,00
928,00,185,00,123,00
929,00,125,00,348,00
930,00,120,00,25,00
931,00,100,00,167,00
932,00,110,00,0,00
933,00,110,00,321,00
934,00,135,00,335,00
935,00,220,00,365,00
936,00,75,00,0,00
937,00,112,00,330,00
938,00,40,00,53,00
939,00,250,00,259,00
940,00,150,00,331,00
941,00,96,00,326,00
942,00,113,00,318,00
943,00,149,00,331,00
944,00,125,00,275,00
945,00,139,00,317,00
946,00,149,00,43,00
947,00,179,00,208,00
948,00,120,00,13,00
949,00,120,00,282,00
950,00,135,00,10,00
951,00,99,00,361,00
952,00,220,00,304,00
953,00,150,00,322,00
954,00,120,00,347,00
955,00,36,00,343,00
956,00,150,00,359,00
957,00,172,00,77,00
958,00,70,00,14,00
959,00,99,00,148,00
960,00,127,00,351,00
961,00,165,00,351,00
962,00,215,00,353,00
963,00,269,00,365,00
964,00,119,00,23,00
965,00,150,00,0,00
966,00,145,00,300,00
967,00,110,00,55,00
968,00,88,00,8,00
969,00,74,00,265,00
970,00,99,00,18,00
971,00,111,00,328,00
972,00,132,00,328,00
973,00,175,00,348,00
974,00,129,00,337,00
975,00,110,00,309,00
976,00,110,00,275,00
977,00,95,00,168,00
978,00,95,00,303,00
979,00,199,00,345,00
980,00,149,00,80,00
981,00,203,00,1,00
982,00,200,00,46,00
983,00,90,00,175,00
984,00,99,00,339,00
985,00,240,00,355,00
986,00,259,00,351,00
987,00,100,00,275,00
988,00,300,00,292,00
989,00,150,00,345,00
990,00,119,00,346,00
991,00,145,00,150,00
992,00,418,00,365,00
993,00,129,00,1,00
994,00,210,00,359,00
995,00,299,00,365,00
996,00,222,00,0,00
997,00,115,00,337,00
998,00,115,00,184,00
999,00,99,00,113,00
1000,00,100,00,352,00
1001,00,130,00,11,00
1002,00,139,00,0,00
1003,00,75,00,322,00
1004,00,99,00,19,00
1005,00,98,00,319,00
1006,00,115,00,64,00
1007,00,215,00,275,00
1008,00,179,00,78,00
1009,00,199,00,169,00
1010,00,140,00,264,00
1011,00,195,00,364,00
1012,00,115,00,287,00
1013,00,99,00,345,00
1014,00,185,00,352,00
1015,00,199,00,354,00
1016,00,139,00,275,00
1017,00,225,00,345,00
1018,00,149,00,365,00
1019,00,36,00,323,00
1020,00,94,00,91,00
1021,00,169,00,365,00
1022,00,175,00,0,00
1023,00,150,00,364,00
1024,00,180,00,73,00
1025,00,120,00,56,00
1026,00,115,00,339,00
1027,00,170,00,25,00
1028,00,100,00,356,00
1029,00,300,00,323,00
1030,00,150,00,5,00
1031,00,85,00,114,00
1032,00,69,00,37,00
1033,00,69,00,66,00
1034,00,75,00,352,00
1035,00,99,00,274,00
1036,00,149,00,289,00
1037,00,100,00,268,00
1038,00,130,00,269,00
1039,00,90,00,320,00
1040,00,149,00,244,00
1041,00,299,00,344,00
1042,00,135,00,80,00
1043,00,150,00,62,00
1044,00,199,00,329,00
1045,00,89,00,0,00
1046,00,180,00,336,00
1047,00,240,00,347,00
1048,00,95,00,28,00
1049,00,149,00,315,00
1050,00,90,00,32,00
1051,00,149,00,345,00
1052,00,74,00,10,00
1053,00,170,00,0,00
1054,00,190,00,306,00
1055,00,145,00,365,00
1056,00,109,00,351,00
1057,00,105,00,279,00
1058,00,160,00,59,00
1059,00,219,00,88,00
1060,00,89,00,279,00
1061,00,120,00,157,00
1062,00,36,00,336,00
1063,00,95,00,242,00
1064,00,120,00,295,00
1065,00,100,00,233,00
1066,00,99,00,91,00
1067,00,100,00,211,00
1068,00,98,00,238,00
1069,00,143,00,0,00
1070,00,145,00,260,00
1071,00,150,00,176,00
1072,00,120,00,293,00
1073,00,120,00,292,00
1074,00,85,00,349,00
1075,00,125,00,4,00
1076,00,142,00,269,00
1077,00,525,00,352,00
1078,00,159,00,332,00
1079,00,170,00,305,00
1080,00,50,00,66,00
1081,00,246,00,57,00
1082,00,75,00,62,00
1083,00,99,00,37,00
1084,00,90,00,6,00
1085,00,229,00,76,00
1086,00,149,00,110,00
1087,00,136,00,134,00
1088,00,250,00,0,00
1089,00,100,00,10,00
1090,00,100,00,0,00
1091,00,120,00,27,00
1092,00,175,00,361,00
1093,00,122,00,43,00
1094,00,177,00,329,00
1095,00,169,00,345,00
1096,00,85,00,37,00
1097,00,100,00,296,00
1098,00,200,00,133,00
1099,00,105,00,120,00
1100,00,99,00,312,00
1101,00,100,00,275,00
1102,00,189,00,348,00
1103,00,120,00,282,00
1104,00,95,00,343,00
1105,00,150,00,270,00
1106,00,175,00,364,00
1107,00,150,00,110,00
1108,00,160,00,56,00
1109,00,79,00,0,00
1110,00,85,00,176,00
1111,00,150,00,73,00
1112,00,90,00,69,00
1113,00,100,00,352,00
1114,00,150,00,121,00
1115,00,100,00,0,00
1116,00,215,00,238,00
1117,00,95,00,53,00
1118,00,130,00,338,00
1119,00,125,00,303,00
1120,00,130,00,360,00
1121,00,120,00,286,00
1122,00,105,00,0,00
1123,00,176,00,307,00
1124,00,495,00,319,00
1125,00,110,00,328,00
1126,00,99,00,152,00
1127,00,135,00,333,00
1128,00,65,00,274,00
1129,00,110,00,2,00
1130,00,105,00,334,00
1131,00,119,00,220,00
1132,00,99,00,272,00
1133,00,225,00,361,00
1134,00,105,00,296,00
1135,00,140,00,329,00
1136,00,125,00,52,00
1137,00,250,00,60,00
1138,00,90,00,271,00
1139,00,70,00,295,00
1140,00,200,00,272,00
1141,00,215,00,54,00
1142,00,135,00,338,00
1143,00,120,00,60,00
1144,00,90,00,48,00
1145,00,259,00,365,00
1146,00,125,00,295,00
1147,00,125,00,321,00
1148,00,84,00,22,00
1149,00,99,00,246,00
1150,00,100,00,0,00
1151,00,149,00,326,00
1152,00,168,00,304,00
1153,00,99,00,290,00
1154,00,120,00,311,00
1155,00,120,00,147,00
1156,00,121,00,310,00
1157,00,229,00,335,00
1158,00,85,00,314,00
1159,00,300,00,365,00
1160,00,75,00,311,00
1161,00,177,00,324,00
1162,00,95,00,357,00
1163,00,125,00,288,00
1164,00,89,00,345,00
1165,00,175,00,347,00
1166,00,100,00,272,00
1167,00,150,00,19,00
1168,00,100,00,77,00
1169,00,300,00,149,00
1170,00,75,00,271,00
1171,00,89,00,1,00
1172,00,120,00,10,00
1173,00,116,00,81,00
1174,00,125,00,144,00
1175,00,90,00,204,00
1176,00,129,00,333,00
1177,00,175,00,320,00
1178,00,200,00,331,00
1179,00,97,00,46,00
1180,00,105,00,55,00
1181,00,40,00,175,00
1182,00,105,00,290,00
1183,00,175,00,355,00
1184,00,95,00,279,00
1185,00,148,00,324,00
1186,00,68,00,320,00
1187,00,79,00,91,00
1188,00,132,00,75,00
1189,00,140,00,258,00
1190,00,125,00,30,00
1191,00,107,00,179,00
1192,00,199,00,134,00
1193,00,105,00,280,00
1194,00,159,00,350,00
1195,00,129,00,332,00
1196,00,168,00,332,00
1197,00,169,00,250,00
1198,00,100,00,163,00
1199,00,78,00,59,00
1200,00,120,00,50,00
1201,00,90,00,304,00
1202,00,200,00,349,00
1203,00,85,00,334,00
1204,00,85,00,209,00
1205,00,125,00,214,00
1206,00,150,00,106,00
1207,00,90,00,333,00
1208,00,99,00,169,00
1209,00,139,00,345,00
1210,00,174,00,337,00
1211,00,99,00,16,00
1212,00,150,00,58,00
1213,00,66,00,1,00
1214,00,84,00,13,00
1215,00,100,00,176,00
1216,00,700,00,1,00
1217,00,110,00,192,00
1218,00,85,00,345,00
1219,00,41,00,356,00
1220,00,109,00,186,00
1221,00,175,00,0,00
1222,00,80,00,319,00
1223,00,150,00,283,00
1224,00,299,00,105,00
1225,00,499,00,365,00
1226,00,100,00,24,00
1227,00,159,00,334,00
1228,00,175,00,21,00
1229,00,64,00,336,00
1230,00,80,00,353,00
1231,00,50,00,270,00
1232,00,200,00,211,00
1233,00,140,00,8,00
1234,00,145,00,292,00
1235,00,110,00,352,00
1236,00,128,00,0,00
1237,00,215,00,358,00
1238,00,115,00,10,00
1239,00,68,00,27,00
1240,00,129,00,21,00
1241,00,120,00,302,00
1242,00,75,00,311,00
1243,00,140,00,249,00
1244,00,125,00,35,00
1245,00,99,00,17,00
1246,00,250,00,91,00
1247,00,100,00,292,00
1248,00,209,00,342,00
1249,00,196,00,338,00
1250,00,83,00,155,00
1251,00,60,00,272,00
1252,00,67,00,340,00
1253,00,125,00,323,00
1254,00,95,00,280,00
1255,00,695,00,62,00
1256,00,120,00,30,00
1257,00,150,00,276,00
1258,00,135,00,31,00
1259,00,126,00,0,00
1260,00,101,00,127,00
1261,00,135,00,256,00
1262,00,135,00,25,00
1263,00,179,00,157,00
1264,00,220,00,337,00
1265,00,100,00,274,00
1266,00,99,00,363,00
1267,00,110,00,180,00
1268,00,99,00,138,00
1269,00,399,00,145,00
1270,00,115,00,336,00
1271,00,105,00,279,00
1272,00,159,00,276,00
1273,00,85,00,330,00
1274,00,140,00,32,00
1275,00,137,00,29,00
1276,00,89,00,334,00
1277,00,149,00,279,00
1278,00,1200,00,359,00
1279,00,85,00,185,00
1280,00,140,00,322,00
1281,00,125,00,136,00
1282,00,200,00,348,00
1283,00,99,00,0,00
1284,00,170,00,317,00
1285,00,160,00,350,00
1286,00,210,00,244,00
1287,00,130,00,119,00
1288,00,99,00,32,00
1289,00,110,00,314,00
1290,00,168,00,275,00
1291,00,98,00,26,00
1292,00,134,00,321,00
1293,00,100,00,23,00
1294,00,199,00,335,00
1295,00,95,00,323,00
1296,00,98,00,336,00
1297,00,70,00,41,00
1298,00,130,00,169,00
1299,00,140,00,342,00
1300,00,69,00,307,00
1301,00,75,00,42,00
1302,00,175,00,361,00
1303,00,225,00,365,00
1304,00,145,00,341,00
1305,00,130,00,3,00
1306,00,100,00,67,00
1307,00,195,00,364,00
1308,00,85,00,155,00
1309,00,135,00,164,00
1310,00,70,00,252,00
1311,00,77,00,365,00
1312,00,100,00,30,00
1313,00,95,00,347,00
1314,00,65,00,345,00
1315,00,120,00,71,00
1316,00,250,00,355,00
1317,00,70,00,345,00
1318,00,119,00,274,00
1319,00,85,00,310,00
1320,00,150,00,175,00
1321,00,240,00,312,00
1322,00,75,00,128,00
1323,00,99,00,318,00
1324,00,175,00,310,00
1325,00,94,00,354,00
1326,00,140,00,316,00
1327,00,375,00,0,00
1328,00,160,00,345,00
1329,00,65,00,332,00
1330,00,100,00,272,00
1331,00,135,00,337,00
1332,00,125,00,65,00
1333,00,135,00,364,00
1334,00,35,00,335,00
1335,00,155,00,365,00
1336,00,175,00,306,00
1337,00,95,00,18,00
1338,00,90,00,307,00
1339,00,100,00,360,00
1340,00,220,00,269,00
1341,00,60,00,32,00
1342,00,135,00,40,00
1343,00,140,00,109,00
1344,00,299,00,345,00
1345,00,199,00,309,00
1346,00,34,00,29,00
1347,00,95,00,273,00
1348,00,105,00,359,00
1349,00,98,00,343,00
1350,00,79,00,308,00
1351,00,78,00,358,00
1352,00,175,00,342,00
1353,00,175,00,364,00
1354,00,80,00,65,00
1355,00,65,00,313,00
1356,00,23,00,358,00
1357,00,175,00,364,00
1358,00,175,00,90,00
1359,00,75,00,320,00
1360,00,115,00,143,00
1361,00,125,00,84,00
1362,00,145,00,249,00
1363,00,98,00,5,00
1364,00,135,00,356,00
1365,00,89,00,31,00
1366,00,150,00,361,00
1367,00,90,00,68,00
1368,00,150,00,355,00
1369,00,95,00,347,00
1370,00,99,00,356,00
1371,00,130,00,328,00
1372,00,175,00,8,00
1373,00,155,00,170,00
1374,00,65,00,280,00
1375,00,150,00,9,00
1376,00,225,00,332,00
1377,00,175,00,272,00
1378,00,98,00,105,00
1379,00,40,00,30,00
1380,00,80,00,153,00
1381,00,105,00,273,00
1382,00,325,00,303,00
1383,00,88,00,44,00
1384,00,100,00,146,00
1385,00,146,00,29,00
1386,00,109,00,326,00
1387,00,199,00,129,00
1388,00,279,00,59,00
1389,00,90,00,354,00
1390,00,150,00,117,00
1391,00,120,00,40,00
1392,00,189,00,318,00
1393,00,120,00,327,00
1394,00,99,00,277,00
1395,00,188,00,297,00
1396,00,300,00,355,00
1397,00,200,00,363,00
1398,00,225,00,298,00
1399,00,50,00,33,00
1400,00,109,00,18,00
1401,00,109,00,355,00
1402,00,229,00,49,00
1403,00,1200,00,286,00
1404,00,599,00,354,00
1405,00,75,00,340,00
1406,00,380,00,363,00
1407,00,115,00,336,00
1408,00,75,00,336,00
1409,00,32,00,288,00
1410,00,90,00,82,00
1411,00,380,00,365,00
1412,00,85,00,357,00
1413,00,110,00,361,00
1414,00,156,00,238,00
1415,00,89,00,88,00
1416,00,500,00,0,00
1417,00,225,00,259,00
1418,00,200,00,361,00
1419,00,119,00,296,00
1420,00,95,00,42,00
1421,00,180,00,276,00
1422,00,175,00,217,00
1423,00,249,00,333,00
1424,00,295,00,341,00
1425,00,249,00,333,00
1426,00,119,00,210,00
1427,00,98,00,33,00
1428,00,90,00,69,00
1429,00,75,00,319,00
1430,00,249,00,188,00
1431,00,110,00,273,00
1432,00,108,00,336,00
1433,00,99,00,337,00
1434,00,155,00,351,00
1435,00,329,00,327,00
1436,00,95,00,249,00
1437,00,125,00,17,00
1438,00,189,00,356,00
1439,00,329,00,332,00
1440,00,99,00,352,00
1441,00,299,00,103,00
1442,00,49,00,356,00
1443,00,100,00,359,00
1444,00,125,00,71,00
1445,00,92,00,174,00
1446,00,165,00,89,00
1447,00,119,00,45,00
1448,00,120,00,12,00
1449,00,85,00,0,00
1450,00,79,00,29,00
1451,00,110,00,40,00
1452,00,142,00,365,00
1453,00,139,00,364,00
1454,00,250,00,362,00
1455,00,49,00,365,00
1456,00,150,00,310,00
1457,00,99,00,4,00
1458,00,95,00,92,00
1459,00,114,00,176,00
1460,00,80,00,303,00
1461,00,70,00,279,00
1462,00,139,00,342,00
1463,00,95,00,20,00
1464,00,101,00,245,00
1465,00,198,00,84,00
1466,00,80,00,291,00
1467,00,83,00,354,00
1468,00,94,00,324,00
1469,00,104,00,172,00
1470,00,69,00,357,00
1471,00,70,00,178,00
1472,00,279,00,365,00
1473,00,199,00,362,00
1474,00,60,00,365,00
1475,00,59,00,360,00
1476,00,100,00,360,00
1477,00,75,00,320,00
1478,00,379,00,361,00
1479,00,120,00,150,00
1480,00,169,00,212,00
1481,00,49,00,360,00
1482,00,69,00,357,00
1483,00,126,00,334,00
1484,00,120,00,127,00
1485,00,125,00,334,00
1486,00,110,00,326,00
1487,00,110,00,265,00
1488,00,59,00,351,00
1489,00,250,00,365,00
1490,00,125,00,362,00
1491,00,65,00,364,00
1492,00,245,00,22,00
1493,00,130,00,336,00
1494,00,125,00,361,00
1495,00,119,00,159,00
1496,00,90,00,132,00
1497,00,150,00,273,00
1498,00,100,00,349,00
1499,00,239,00,365,00
1500,00,94,00,203,00
1501,00,55,00,361,00
1502,00,94,00,22,00
1503,00,275,00,358,00
1504,00,100,00,27,00
1505,00,160,00,341,00
1506,00,75,00,359,00
1507,00,85,00,281,00
1508,00,75,00,356,00
1509,00,250,00,25,00
1510,00,70,00,365,00
1511,00,228,00,338,00
1512,00,69,00,330,00
1513,00,65,00,330,00
1514,00,130,00,341,00
1515,00,69,00,66,00
1516,00,102,00,76,00
1517,00,99,00,60,00
1518,00,88,00,362,00
1519,00,80,00,336,00
1520,00,89,00,275,00
1521,00,90,00,352,00
1522,00,55,00,354,00
1523,00,70,00,342,00
1524,00,75,00,275,00
1525,00,60,00,347,00
1526,00,75,00,211,00
1527,00,300,00,0,00
1528,00,60,00,363,00
1529,00,150,00,275,00
1530,00,125,00,346,00
1531,00,50,00,249,00
1532,00,150,00,359,00
1533,00,1200,00,0,00
1534,00,45,00,365,00
1535,00,89,00,365,00
1536,00,75,00,299,00
1537,00,65,00,363,00
1538,00,55,00,332,00
1539,00,67,00,78,00
1540,00,1000,00,8,00
1541,00,129,00,358,00
1542,00,55,00,47,00
1543,00,89,00,275,00
1544,00,75,00,343,00
1545,00,150,00,357,00
1546,00,500,00,0,00
1547,00,400,00,28,00
1548,00,150,00,0,00
1549,00,67,00,72,00
1550,00,400,00,360,00
1551,00,299,00,0,00
1552,00,42,00,283,00
1553,00,1200,00,0,00
1554,00,89,00,276,00
1555,00,150,00,275,00
1556,00,42,00,294,00
1557,00,85,00,341,00
1558,00,300,00,12,00
1559,00,100,00,83,00
1560,00,80,00,253,00
1561,00,125,00,316,00
1562,00,115,00,362,00
1563,00,84,00,60,00
1564,00,110,00,351,00
1565,00,75,00,280,00
1566,00,40,00,69,00
1567,00,88,00,47,00
1568,00,50,00,284,00
1569,00,120,00,358,00
1570,00,185,00,94,00
1571,00,150,00,365,00
1572,00,57,00,322,00
1573,00,94,00,10,00
1574,00,100,00,353,00
1575,00,89,00,167,00
1576,00,80,00,69,00
1577,00,85,00,344,00
1578,00,90,00,345,00
1579,00,72,00,357,00
1580,00,65,00,67,00
1581,00,65,00,353,00
1582,00,97,00,343,00
1583,00,55,00,356,00
1584,00,90,00,280,00
1585,00,45,00,286,00
1586,00,120,00,365,00
1587,00,99,00,312,00
1588,00,100,00,365,00
1589,00,150,00,305,00
1590,00,32,00,348,00
1591,00,140,00,135,00
1592,00,59,00,353,00
1593,00,63,00,141,00
1594,00,85,00,365,00
1595,00,1250,00,283,00
1596,00,98,00,363,00
1597,00,299,00,310,00
1598,00,520,00,365,00
1599,00,72,00,350,00
1600,00,200,00,82,00
1601,00,64,00,365,00
1602,00,55,00,365,00
1603,00,70,00,363,00
1604,00,85,00,181,00
1605,00,120,00,178,00
1606,00,75,00,360,00
1607,00,150,00,120,00
1608,00,275,00,273,00
1609,00,215,00,7,00
1610,00,85,00,360,00
1611,00,90,00,353,00
1612,00,60,00,245,00
1613,00,99,00,348,00
1614,00,89,00,296,00
1615,00,395,00,361,00
1616,00,78,00,364,00
1617,00,180,00,139,00
1618,00,200,00,350,00
1619,00,145,00,28,00
1620,00,134,00,347,00
1621,00,75,00,320,00
1622,00,100,00,65,00
1623,00,95,00,246,00
1624,00,67,00,330,00
1625,00,260,00,291,00
1626,00,75,00,320,00
1627,00,60,00,176,00
1628,00,65,00,228,00
1629,00,89,00,0,00
1630,00,70,00,84,00
1631,00,99,00,331,00
1632,00,99,00,347,00
1633,00,65,00,339,00
1634,00,85,00,74,00
1635,00,70,00,94,00
1636,00,49,00,340,00
1637,00,70,00,286,00
1638,00,145,00,298,00
1639,00,125,00,362,00
1640,00,75,00,7,00
1641,00,50,00,334,00
1642,00,45,00,232,00
1643,00,125,00,291,00
1644,00,45,00,336,00
1645,00,100,00,241,00
1646,00,119,00,352,00
1647,00,95,00,70,00
1648,00,60,00,307,00
1649,00,77,00,327,00
1650,00,500,00,364,00
1651,00,50,00,0,00
1652,00,59,00,359,00
1653,00,110,00,328,00
1654,00,30,00,348,00
1655,00,95,00,212,00
1656,00,91,00,351,00
1657,00,283,00,327,00
1658,00,125,00,332,00
1659,00,283,00,326,00
1660,00,96,00,323,00
1661,00,84,00,341,00
1662,00,90,00,63,00
1663,00,73,00,327,00
1664,00,60,00,335,00
1665,00,62,00,363,00
1666,00,240,00,329,00
1667,00,223,00,357,00
1668,00,150,00,360,00
1669,00,60,00,150,00
1670,00,97,00,258,00
1671,00,35,00,55,00
1672,00,250,00,120,00
1673,00,90,00,358,00
1674,00,60,00,346,00
1675,00,95,00,311,00
1676,00,68,00,332,00
1677,00,68,00,337,00
1678,00,90,00,274,00
1679,00,128,00,336,00
1680,00,79,00,277,00
1681,00,72,00,357,00
1682,00,55,00,0,00
1683,00,165,00,365,00
1684,00,100,00,0,00
1685,00,65,00,321,00
1686,00,120,00,0,00
1687,00,80,00,335,00
1688,00,128,00,249,00
1689,00,75,00,335,00
1690,00,75,00,348,00
1691,00,240,00,20,00
1692,00,60,00,83,00
1693,00,100,00,91,00
1694,00,140,00,365,00
1695,00,120,00,0,00
1696,00,40,00,276,00
1697,00,65,00,306,00
1698,00,70,00,35,00
1699,00,165,00,287,00
1700,00,119,00,86,00
1701,00,34,00,335,00
1702,00,200,00,275,00
1703,00,100,00,334,00
1704,00,50,00,124,00
1705,00,155,00,133,00
1706,00,85,00,338,00
1707,00,125,00,365,00
1708,00,125,00,365,00
1709,00,109,00,280,00
1710,00,52,00,348,00
1711,00,250,00,365,00
1712,00,139,00,258,00
1713,00,84,00,363,00
1714,00,100,00,365,00
1715,00,69,00,291,00
1716,00,90,00,358,00
1717,00,115,00,322,00
1718,00,50,00,51,00
1719,00,60,00,2,00
1720,00,50,00,33,00
1721,00,89,00,360,00
1722,00,240,00,347,00
1723,00,68,00,280,00
1724,00,65,00,337,00
1725,00,395,00,35,00
1726,00,525,00,0,00
1727,00,100,00,365,00
1728,00,75,00,22,00
1729,00,120,00,195,00
1730,00,91,00,167,00
1731,00,112,00,196,00
1732,00,70,00,67,00
1733,00,125,00,300,00
1734,00,100,00,345,00
1735,00,79,00,307,00
1736,00,150,00,341,00
1737,00,165,00,364,00
1738,00,140,00,89,00
1739,00,159,00,106,00
1740,00,89,00,30,00
1741,00,99,00,207,00
1742,00,150,00,175,00
1743,00,75,00,11,00
1744,00,66,00,261,00
1745,00,110,00,17,00
1746,00,100,00,335,00
1747,00,165,00,364,00
1748,00,75,00,365,00
1749,00,102,00,344,00
1750,00,190,00,365,00
1751,00,84,00,38,00
1752,00,110,00,337,00
1753,00,350,00,363,00
1754,00,1000,00,0,00
1755,00,85,00,365,00
1756,00,85,00,275,00
1757,00,110,00,351,00
1758,00,92,00,274,00
1759,00,75,00,259,00
1760,00,50,00,318,00
1761,00,125,00,103,00
1762,00,300,00,8,00
1763,00,45,00,102,00
1764,00,110,00,197,00
1765,00,158,00,20,00
1766,00,130,00,116,00
1767,00,150,00,156,00
1768,00,120,00,279,00
1769,00,85,00,111,00
1770,00,,
1771,00,300,00,281,00
1772,00,103,00,308,00
1773,00,235,00,335,00
1774,00,85,00,319,00
1775,00,50,00,72,00
1776,00,100,00,362,00
1777,00,92,00,321,00
1778,00,85,00,288,00
1779,00,30,00,42,00
1780,00,90,00,147,00
1781,00,49,00,20,00
1782,00,250,00,336,00
1783,00,225,00,333,00
1784,00,128,00,202,00
1785,00,84,00,285,00
1786,00,49,00,357,00
1787,00,99,00,314,00
1788,00,84,00,69,00
1789,00,86,00,365,00
1790,00,130,00,365,00
1791,00,135,00,352,00
1792,00,,
1793,00,119,00,360,00
1794,00,80,00,0,00
1795,00,140,00,347,00
1796,00,84,00,323,00
1797,00,50,00,14,00
1798,00,230,00,282,00
1799,00,215,00,361,00
1800,00,77,00,365,00
1801,00,60,00,345,00
1802,00,65,00,60,00
1803,00,150,00,203,00
1804,00,64,00,193,00
1805,00,125,00,294,00
1806,00,60,00,349,00
1807,00,330,00,356,00
1808,00,65,00,153,00
1809,00,112,00,364,00
1810,00,75,00,365,00
1811,00,90,00,249,00
1812,00,180,00,321,00
1813,00,65,00,348,00
1814,00,55,00,49,00
1815,00,75,00,17,00
1816,00,75,00,274,00
1817,00,68,00,361,00
1818,00,65,00,163,00
1819,00,10,00,362,00
1820,00,70,00,275,00
1821,00,80,00,42,00
1822,00,70,00,123,00
1823,00,65,00,326,00
1824,00,76,00,353,00
1825,00,89,00,336,00
1826,00,45,00,139,00
1827,00,135,00,261,00
1828,00,55,00,359,00
1829,00,65,00,10,00
1830,00,100,00,286,00
1831,00,95,00,349,00
1832,00,65,00,154,00
1833,00,82,00,365,00
1834,00,80,00,350,00
1835,00,84,00,222,00
1836,00,71,00,354,00
1837,00,155,00,358,00
1838,00,65,00,349,00
1839,00,60,00,224,00
1840,00,55,00,365,00
1841,00,45,00,364,00
1842,00,215,00,342,00
1843,00,89,00,356,00
1844,00,120,00,337,00
1845,00,37,00,78,00
1846,00,95,00,364,00
1847,00,45,00,364,00
1848,00,45,00,337,00
1849,00,70,00,139,00
1850,00,65,00,315,00
1851,00,180,00,344,00
1852,00,79,00,258,00
1853,00,65,00,102,00
1854,00,45,00,365,00
1855,00,70,00,21,00
1856,00,100,00,364,00
1857,00,120,00,90,00
1858,00,45,00,331,00
1859,00,95,00,91,00
1860,00,125,00,0,00
1861,00,110,00,350,00
1862,00,65,00,314,00
1863,00,45,00,349,00
1864,00,75,00,365,00
1865,00,50,00,120,00
1866,00,260,00,208,00
1867,00,1500,00,2,00
1868,00,200,00,0,00
1869,00,250,00,359,00
1870,00,30,00,266,00
1871,00,150,00,365,00
1872,00,95,00,292,00
1873,00,200,00,365,00
1874,00,60,00,72,00
1875,00,175,00,365,00
1876,00,99,00,365,00
1877,00,90,00,344,00
1878,00,65,00,365,00
1879,00,99,00,365,00
1880,00,99,00,365,00
1881,00,70,00,356,00
1882,00,,
1883,00,100,00,365,00
1884,00,99,00,290,00
1885,00,60,00,123,00
1886,00,99,00,365,00
1887,00,160,00,121,00
1888,00,60,00,294,00
1889,00,55,00,345,00
1890,00,65,00,365,00
1891,00,75,00,365,00
1892,00,35,00,356,00
1893,00,47,00,359,00
1894,00,115,00,4,00
1895,00,150,00,14,00
1896,00,97,00,357,00
1897,00,119,00,339,00
1898,00,68,00,344,00
1899,00,80,00,82,00
1900,00,95,00,291,00
1901,00,125,00,365,00
1902,00,125,00,87,00
1903,00,55,00,302,00
1904,00,200,00,365,00
1905,00,160,00,311,00
1906,00,135,00,122,00
1907,00,145,00,0,00
1908,00,59,00,288,00
1909,00,130,00,365,00
1910,00,135,00,239,00
1911,00,78,00,364,00
1912,00,90,00,336,00
1913,00,58,00,291,00
1914,00,76,00,365,00
1915,00,42,00,281,00
1916,00,333,00,0,00
1917,00,55,00,285,00
1918,00,50,00,334,00
1919,00,58,00,200,00
1920,00,51,00,290,00
1921,00,68,00,363,00
1922,00,199,00,179,00
1923,00,75,00,365,00
1924,00,76,00,353,00
1925,00,71,00,163,00
1926,00,90,00,336,00
1927,00,60,00,49,00
1928,00,75,00,352,00
1929,00,76,00,288,00
1930,00,49,00,363,00
1931,00,59,00,358,00
1932,00,50,00,350,00
1933,00,53,00,365,00
1934,00,70,00,351,00
1935,00,41,00,359,00
1936,00,65,00,365,00
1937,00,45,00,285,00
1938,00,56,00,215,00
1939,00,65,00,358,00
1940,00,65,00,347,00
1941,00,28,00,336,00
1942,00,1000,00,365,00
1943,00,129,00,196,00
1944,00,49,00,365,00
1945,00,100,00,365,00
1946,00,76,00,365,00
1947,00,50,00,87,00
1948,00,175,00,215,00
1949,00,80,00,300,00
1950,00,117,00,358,00
1951,00,40,00,338,00
1952,00,52,00,308,00
1953,00,75,00,336,00
1954,00,100,00,335,00
1955,00,59,00,355,00
1956,00,209,00,357,00
1957,00,69,00,178,00
1958,00,60,00,46,00
1959,00,54,00,45,00
1960,00,20,00,349,00
1961,00,50,00,38,00
1962,00,214,00,341,00
1963,00,69,00,305,00
1964,00,399,00,0,00
1965,00,70,00,358,00
1966,00,60,00,49,00
1967,00,50,00,365,00
1968,00,54,00,43,00
1969,00,85,00,365,00
1970,00,65,00,300,00
1971,00,75,00,276,00
1972,00,45,00,365,00
1973,00,275,00,365,00
1974,00,55,00,22,00
1975,00,215,00,361,00
1976,00,80,00,322,00
1977,00,50,00,305,00
1978,00,89,00,88,00
1979,00,105,00,342,00
1980,00,105,00,138,00
1981,00,20,00,355,00
1982,00,79,00,365,00
1983,00,59,00,351,00
1984,00,190,00,294,00
1985,00,98,00,288,00
1986,00,145,00,317,00
1987,00,53,00,335,00
1988,00,275,00,274,00
1989,00,120,00,55,00
1990,00,90,00,365,00
1991,00,100,00,9,00
1992,00,90,00,83,00
1993,00,100,00,345,00
1994,00,100,00,311,00
1995,00,110,00,19,00
1996,00,125,00,236,00
1997,00,180,00,323,00
1998,00,83,00,349,00
1999,00,137,00,355,00
2000,00,100,00,363,00
2001,00,135,00,0,00
2002,00,398,00,335,00
2003,00,150,00,336,00
2004,00,100,00,348,00
2005,00,100,00,14,00
2006,00,325,00,287,00
2007,00,90,00,0,00
2008,00,270,00,342,00
2009,00,70,00,6,00
2010,00,350,00,30,00
2011,00,195,00,129,00
2012,00,105,00,308,00
2013,00,99,00,361,00
2014,00,93,00,72,00
2015,00,130,00,69,00
2016,00,135,00,310,00
2017,00,130,00,342,00
2018,00,100,00,310,00
2019,00,135,00,90,00
2020,00,149,00,320,00
2021,00,190,00,338,00
2022,00,130,00,281,00
2023,00,107,00,339,00
2024,00,100,00,249,00
2025,00,159,00,314,00
2026,00,179,00,332,00
2027,00,138,00,308,00
2028,00,140,00,341,00
2029,00,150,00,46,00
2030,00,150,00,341,00
2031,00,70,00,360,00
2032,00,150,00,337,00
2033,00,120,00,361,00
2034,00,125,00,308,00
2035,00,100,00,307,00
2036,00,230,00,335,00
2037,00,94,00,290,00
2038,00,110,00,270,00
2039,00,85,00,153,00
2040,00,47,00,7,00
2041,00,399,00,347,00
2042,00,290,00,349,00
2043,00,90,00,335,00
2044,00,154,00,4,00
2045,00,134,00,20,00
2046,00,85,00,347,00
2047,00,129,00,333,00
2048,00,250,00,321,00
2049,00,179,00,338,00
2050,00,115,00,0,00
2051,00,89,00,277,00
2052,00,95,00,364,00
2053,00,89,00,255,00
2054,00,679,00,178,00
2055,00,150,00,349,00
2056,00,220,00,274,00
2057,00,62,00,345,00
2058,00,129,00,68,00
2059,00,120,00,27,00
2060,00,125,00,164,00
2061,00,125,00,330,00
2062,00,120,00,344,00
2063,00,55,00,328,00
2064,00,59,00,275,00
2065,00,95,00,330,00
2066,00,79,00,289,00
2067,00,85,00,341,00
2068,00,285,00,93,00
2069,00,70,00,330,00
2070,00,100,00,301,00
2071,00,72,00,324,00
2072,00,89,00,30,00
2073,00,75,00,0,00
2074,00,2822,00,11,00
2075,00,85,00,360,00
2076,00,189,00,365,00
2077,00,,
2078,00,118,00,294,00
2079,00,75,00,279,00
2080,00,79,00,318,00
2081,00,77,00,309,00
2082,00,84,00,0,00
2083,00,95,00,356,00
2084,00,80,00,12,00
2085,00,195,00,244,00
2086,00,110,00,0,00
2087,00,225,00,64,00
2088,00,325,00,365,00
2089,00,250,00,123,00
2090,00,95,00,333,00
2091,00,75,00,348,00
2092,00,225,00,154,00
2093,00,80,00,352,00
2094,00,137,00,136,00
2095,00,98,00,257,00
2096,00,149,00,336,00
2097,00,250,00,294,00
2098,00,150,00,288,00
2099,00,168,00,140,00
2100,00,59,00,278,00
2101,00,80,00,0,00
2102,00,80,00,73,00
2103,00,126,00,292,00
2104,00,125,00,238,00
2105,00,100,00,97,00
2106,00,100,00,347,00
2107,00,499,00,134,00
2108,00,195,00,364,00
2109,00,100,00,311,00
2110,00,125,00,68,00
2111,00,145,00,255,00
2112,00,175,00,22,00
2113,00,199,00,339,00
2114,00,75,00,277,00
2115,00,130,00,14,00
2116,00,150,00,282,00
2117,00,220,00,224,00
2118,00,75,00,83,00
2119,00,115,00,338,00
2120,00,119,00,353,00
2121,00,225,00,349,00
2122,00,125,00,306,00
2123,00,124,00,303,00
2124,00,95,00,357,00
2125,00,59,00,359,00
2126,00,149,00,275,00
2127,00,99,00,106,00
2128,00,95,00,274,00
2129,00,126,00,300,00
2130,00,64,00,47,00
2131,00,299,00,324,00
2132,00,35,00,309,00
2133,00,50,00,292,00
2134,00,179,00,178,00
2135,00,70,00,238,00
2136,00,125,00,182,00
2137,00,180,00,362,00
2138,00,79,00,320,00
2139,00,75,00,343,00
2140,00,100,00,88,00
2141,00,80,00,75,00
2142,00,300,00,365,00
2143,00,107,00,336,00
2144,00,250,00,347,00
2145,00,199,00,299,00
2146,00,90,00,57,00
2147,00,105,00,134,00
2148,00,150,00,365,00
2149,00,125,00,17,00
2150,00,85,00,240,00
2151,00,225,00,364,00
2152,00,99,00,123,00
2153,00,150,00,85,00
2154,00,85,00,87,00
2155,00,115,00,274,00
2156,00,120,00,292,00
2157,00,35,00,65,00
2158,00,79,00,328,00
2159,00,40,00,231,00
2160,00,149,00,68,00
2161,00,115,00,331,00
2162,00,105,00,325,00
2163,00,58,00,14,00
2164,00,250,00,347,00
2165,00,125,00,0,00
2166,00,95,00,365,00
2167,00,180,00,340,00
2168,00,156,00,365,00
2169,00,135,00,0,00
2170,00,95,00,351,00
2171,00,145,00,136,00
2172,00,120,00,358,00
2173,00,160,00,236,00
2174,00,79,00,364,00
2175,00,55,00,118,00
2176,00,50,00,108,00
2177,00,135,00,343,00
2178,00,80,00,302,00
2179,00,148,00,223,00
2180,00,69,00,275,00
2181,00,300,00,328,00
2182,00,85,00,61,00
2183,00,58,00,361,00
2184,00,110,00,90,00
2185,00,40,00,55,00
2186,00,55,00,219,00
2187,00,95,00,0,00
2188,00,144,00,53,00
2189,00,199,00,133,00
2190,00,70,00,359,00
2191,00,75,00,365,00
2192,00,71,00,340,00
2193,00,300,00,264,00
2194,00,108,00,57,00
2195,00,190,00,272,00
2196,00,105,00,331,00
2197,00,129,00,319,00
2198,00,135,00,360,00
2199,00,125,00,354,00
2200,00,100,00,304,00
2201,00,80,00,244,00
2202,00,178,00,327,00
2203,00,125,00,346,00
2204,00,65,00,356,00
2205,00,86,00,119,00
2206,00,55,00,263,00
2207,00,114,00,327,00
2208,00,165,00,49,00
2209,00,70,00,309,00
2210,00,90,00,300,00
2211,00,89,00,352,00
2212,00,80,00,358,00
2213,00,105,00,102,00
2214,00,90,00,336,00
2215,00,70,00,352,00
2216,00,135,00,327,00
2217,00,180,00,362,00
2218,00,160,00,285,00
2219,00,149,00,336,00
2220,00,249,00,295,00
2221,00,149,00,359,00
2222,00,64,00,69,00
2223,00,149,00,4,00
2224,00,90,00,117,00
2225,00,150,00,0,00
2226,00,179,00,349,00
2227,00,159,00,291,00
2228,00,220,00,352,00
2229,00,117,00,262,00
2230,00,84,00,30,00
2231,00,105,00,350,00
2232,00,175,00,361,00
2233,00,175,00,365,00
2234,00,75,00,365,00
2235,00,234,00,334,00
2236,00,80,00,85,00
2237,00,129,00,321,00
2238,00,194,00,140,00
2239,00,75,00,360,00
2240,00,80,00,50,00
2241,00,225,00,339,00
2242,00,125,00,362,00
2243,00,300,00,115,00
2244,00,130,00,306,00
2245,00,56,00,35,00
2246,00,105,00,0,00
2247,00,245,00,52,00
2248,00,95,00,295,00
2249,00,140,00,149,00
2250,00,75,00,345,00
2251,00,79,00,294,00
2252,00,115,00,157,00
2253,00,225,00,40,00
2254,00,229,00,277,00
2255,00,250,00,364,00
2256,00,40,00,18,00
2257,00,150,00,335,00
2258,00,129,00,346,00
2259,00,225,00,300,00
2260,00,300,00,360,00
2261,00,95,00,22,00
2262,00,125,00,62,00
2263,00,185,00,29,00
2264,00,90,00,32,00
2265,00,198,00,332,00
2266,00,120,00,289,00
2267,00,150,00,349,00
2268,00,260,00,227,00
2269,00,99,00,362,00
2270,00,140,00,365,00
2271,00,99,00,348,00
2272,00,75,00,352,00
2273,00,100,00,345,00
2274,00,150,00,365,00
2275,00,89,00,244,00
2276,00,115,00,339,00
2277,00,165,00,321,00
2278,00,108,00,281,00
2279,00,165,00,124,00
2280,00,45,00,91,00
2281,00,119,00,346,00
2282,00,85,00,61,00
2283,00,93,00,225,00
2284,00,108,00,153,00
2285,00,126,00,324,00
2286,00,75,00,344,00
2287,00,100,00,335,00
2288,00,82,00,56,00
2289,00,100,00,13,00
2290,00,110,00,317,00
2291,00,149,00,320,00
2292,00,149,00,0,00
2293,00,125,00,0,00
2294,00,105,00,331,00
2295,00,91,00,69,00
2296,00,209,00,339,00
2297,00,200,00,365,00
2298,00,124,00,310,00
2299,00,99,00,347,00
2300,00,109,00,226,00
2301,00,149,00,342,00
2302,00,146,00,335,00
2303,00,190,00,147,00
2304,00,145,00,71,00
2305,00,185,00,26,00
2306,00,140,00,279,00
2307,00,130,00,204,00
2308,00,149,00,0,00
2309,00,85,00,322,00
2310,00,160,00,312,00
2311,00,99,00,6,00
2312,00,117,00,323,00
2313,00,100,00,314,00
2314,00,93,00,188,00
2315,00,107,00,259,00
2316,00,150,00,173,00
2317,00,129,00,343,00
2318,00,95,00,318,00
2319,00,140,00,212,00
2320,00,125,00,87,00
2321,00,100,00,10,00
2322,00,130,00,327,00
2323,00,60,00,134,00
2324,00,140,00,313,00
2325,00,85,00,139,00
2326,00,118,00,343,00
2327,00,139,00,346,00
2328,00,115,00,277,00
2329,00,89,00,344,00
2330,00,189,00,346,00
2331,00,90,00,0,00
2332,00,70,00,326,00
2333,00,80,00,25,00
2334,00,65,00,33,00
2335,00,125,00,272,00
2336,00,199,00,342,00
2337,00,115,00,37,00
2338,00,125,00,90,00
2339,00,168,00,350,00
2340,00,75,00,365,00
2341,00,150,00,152,00
2342,00,84,00,356,00
2343,00,75,00,354,00
2344,00,163,00,72,00
2345,00,95,00,334,00
2346,00,95,00,348,00
2347,00,200,00,294,00
2348,00,150,00,88,00
2349,00,138,00,9,00
2350,00,90,00,94,00
2351,00,100,00,220,00
2352,00,115,00,324,00
2353,00,246,00,337,00
2354,00,199,00,337,00
2355,00,125,00,338,00
2356,00,43,00,360,00
2357,00,139,00,332,00
2358,00,550,00,320,00
2359,00,79,00,314,00
2360,00,250,00,139,00
2361,00,199,00,345,00
2362,00,129,00,332,00
2363,00,99,00,275,00
2364,00,128,00,111,00
2365,00,210,00,147,00
2366,00,119,00,72,00
2367,00,95,00,139,00
2368,00,120,00,349,00
2369,00,90,00,275,00
2370,00,115,00,275,00
2371,00,160,00,321,00
2372,00,25,00,22,00
2373,00,70,00,362,00
2374,00,175,00,353,00
2375,00,101,00,365,00
2376,00,85,00,90,00
2377,00,170,00,19,00
2378,00,159,00,345,00
2379,00,200,00,33,00
2380,00,139,00,151,00
2381,00,275,00,356,00
2382,00,159,00,288,00
2383,00,97,00,199,00
2384,00,110,00,47,00
2385,00,169,00,74,00
2386,00,100,00,68,00
2387,00,99,00,340,00
2388,00,225,00,365,00
2389,00,80,00,362,00
2390,00,110,00,358,00
2391,00,95,00,158,00
2392,00,95,00,361,00
2393,00,159,00,80,00
2394,00,150,00,365,00
2395,00,90,00,73,00
2396,00,101,00,365,00
2397,00,149,00,365,00
2398,00,89,00,245,00
2399,00,60,00,349,00
2400,00,99,00,273,00
2401,00,125,00,338,00
2402,00,120,00,220,00
2403,00,180,00,337,00
2404,00,115,00,299,00
2405,00,109,00,360,00
2406,00,399,00,365,00
2407,00,185,00,87,00
2408,00,90,00,140,00
2409,00,209,00,17,00
2410,00,139,00,119,00
2411,00,125,00,349,00
2412,00,165,00,273,00
2413,00,108,00,324,00
2414,00,120,00,318,00
2415,00,150,00,80,00
2416,00,295,00,352,00
2417,00,110,00,301,00
2418,00,225,00,31,00
2419,00,55,00,349,00
2420,00,119,00,217,00
2421,00,78,00,275,00
2422,00,139,00,288,00
2423,00,85,00,159,00
2424,00,82,00,326,00
2425,00,160,00,209,00
2426,00,100,00,92,00
2427,00,125,00,275,00
2428,00,130,00,263,00
2429,00,150,00,292,00
2430,00,90,00,89,00
2431,00,80,00,47,00
2432,00,105,00,317,00
2433,00,125,00,260,00
2434,00,85,00,313,00
2435,00,275,00,310,00
2436,00,79,00,33,00
2437,00,45,00,350,00
2438,00,80,00,325,00
2439,00,60,00,280,00
2440,00,125,00,61,00
2441,00,170,00,24,00
2442,00,102,00,283,00
2443,00,120,00,328,00
2444,00,115,00,339,00
2445,00,117,00,0,00
2446,00,125,00,76,00
2447,00,199,00,10,00
2448,00,60,00,77,00
2449,00,85,00,60,00
2450,00,135,00,359,00
2451,00,99,00,328,00
2452,00,150,00,357,00
2453,00,85,00,39,00
2454,00,125,00,0,00
2455,00,83,00,65,00
2456,00,275,00,335,00
2457,00,70,00,352,00
2458,00,99,00,154,00
2459,00,72,00,23,00
2460,00,110,00,7,00
2461,00,165,00,335,00
2462,00,159,00,243,00
2463,00,89,00,237,00
2464,00,99,00,5,00
2465,00,130,00,284,00
2466,00,225,00,341,00
2467,00,150,00,337,00
2468,00,125,00,354,00
2469,00,100,00,350,00
2470,00,225,00,126,00
2471,00,105,00,225,00
2472,00,,
2473,00,105,00,325,00
2474,00,51,00,309,00
2475,00,168,00,154,00
2476,00,110,00,238,00
2477,00,209,00,364,00
2478,00,100,00,301,00
2479,00,102,00,275,00
2480,00,200,00,320,00
2481,00,75,00,1,00
2482,00,127,00,55,00
2483,00,180,00,153,00
2484,00,200,00,361,00
2485,00,120,00,52,00
2486,00,50,00,31,00
2487,00,80,00,290,00
2488,00,75,00,48,00
2489,00,135,00,353,00
2490,00,120,00,0,00
2491,00,120,00,208,00
2492,00,89,00,90,00
2493,00,185,00,351,00
2494,00,160,00,328,00
2495,00,189,00,340,00
2496,00,99,00,25,00
2497,00,72,00,217,00
2498,00,125,00,268,00
2499,00,150,00,348,00
2500,00,155,00,238,00
2501,00,150,00,349,00
2502,00,80,00,169,00
2503,00,110,00,69,00
2504,00,130,00,0,00
2505,00,99,00,0,00
2506,00,68,00,326,00
2507,00,80,00,244,00
2508,00,200,00,199,00
2509,00,75,00,360,00
2510,00,99,00,148,00
2511,00,70,00,3,00
2512,00,85,00,115,00
2513,00,115,00,120,00
2514,00,80,00,348,00
2515,00,40,00,365,00
2516,00,47,00,362,00
2517,00,149,00,315,00
2518,00,95,00,134,00
2519,00,110,00,301,00
2520,00,139,00,352,00
2521,00,150,00,346,00
2522,00,50,00,105,00
2523,00,134,00,332,00
2524,00,25,00,344,00
2525,00,28,00,321,00
2526,00,90,00,86,00
2527,00,90,00,107,00
2528,00,65,00,2,00
2529,00,89,00,343,00
2530,00,85,00,173,00
2531,00,100,00,69,00
2532,00,85,00,73,00
2533,00,50,00,341,00
2534,00,88,00,45,00
2535,00,109,00,234,00
2536,00,275,00,0,00
2537,00,290,00,316,00
2538,00,175,00,344,00
2539,00,117,00,319,00
2540,00,350,00,14,00
2541,00,89,00,337,00
2542,00,50,00,337,00
2543,00,150,00,355,00
2544,00,90,00,365,00
2545,00,199,00,300,00
2546,00,104,00,340,00
2547,00,115,00,245,00
2548,00,75,00,47,00
2549,00,112,00,336,00
2550,00,149,00,334,00
2551,00,200,00,365,00
2552,00,120,00,298,00
2553,00,200,00,287,00
2554,00,209,00,336,00
2555,00,70,00,365,00
2556,00,120,00,365,00
2557,00,150,00,274,00
2558,00,95,00,361,00
2559,00,110,00,343,00
2560,00,122,00,233,00
2561,00,60,00,296,00
2562,00,650,00,365,00
2563,00,60,00,11,00
2564,00,125,00,365,00
2565,00,149,00,291,00
2566,00,140,00,55,00
2567,00,168,00,355,00
2568,00,189,00,247,00
2569,00,75,00,124,00
2570,00,82,00,300,00
2571,00,179,00,286,00
2572,00,72,00,353,00
2573,00,95,00,136,00
2574,00,145,00,365,00
2575,00,60,00,304,00
2576,00,60,00,10,00
2577,00,70,00,365,00
2578,00,75,00,356,00
2579,00,60,00,0,00
2580,00,135,00,355,00
2581,00,56,00,365,00
2582,00,65,00,291,00
2583,00,75,00,273,00
2584,00,98,00,47,00
2585,00,65,00,348,00
2586,00,500,00,0,00
2587,00,89,00,311,00
2588,00,300,00,287,00
2589,00,249,00,213,00
2590,00,60,00,55,00
2591,00,79,00,337,00
2592,00,60,00,342,00
2593,00,89,00,77,00
2594,00,55,00,13,00
2595,00,75,00,299,00
2596,00,100,00,296,00
2597,00,400,00,5,00
2598,00,60,00,362,00
2599,00,75,00,353,00
2600,00,65,00,340,00
2601,00,165,00,343,00
2602,00,115,00,290,00
2603,00,85,00,338,00
2604,00,60,00,69,00
2605,00,2000,00,0,00
2606,00,90,00,355,00
2607,00,150,00,277,00
2608,00,89,00,62,00
2609,00,250,00,357,00
2610,00,89,00,314,00
2611,00,90,00,295,00
2612,00,110,00,350,00
2613,00,100,00,90,00
2614,00,80,00,349,00
2615,00,100,00,91,00
2616,00,500,00,76,00
2617,00,400,00,364,00
2618,00,285,00,340,00
2619,00,110,00,339,00
2620,00,99,00,258,00
2621,00,125,00,216,00
2622,00,55,00,231,00
2623,00,120,00,33,00
2624,00,130,00,365,00
2625,00,71,00,346,00
2626,00,250,00,0,00
2627,00,80,00,21,00
2628,00,105,00,345,00
2629,00,99,00,160,00
2630,00,75,00,343,00
2631,00,146,00,50,00
2632,00,99,00,88,00
2633,00,60,00,115,00
2634,00,90,00,322,00
2635,00,125,00,300,00
2636,00,80,00,346,00
2637,00,68,00,345,00
2638,00,155,00,365,00
2639,00,105,00,275,00
2640,00,79,00,309,00
2641,00,124,00,340,00
2642,00,99,00,305,00
2643,00,140,00,335,00
2644,00,100,00,364,00
2645,00,140,00,365,00
2646,00,75,00,297,00
2647,00,400,00,35,00
2648,00,375,00,159,00
2649,00,129,00,344,00
2650,00,79,00,357,00
2651,00,68,00,353,00
2652,00,79,00,275,00
2653,00,99,00,365,00
2654,00,75,00,4,00
2655,00,105,00,267,00
2656,00,80,00,165,00
2657,00,95,00,314,00
2658,00,225,00,349,00
2659,00,85,00,325,00
2660,00,70,00,19,00
2661,00,69,00,305,00
2662,00,79,00,334,00
2663,00,95,00,64,00
2664,00,95,00,328,00
2665,00,450,00,353,00
2666,00,500,00,0,00
2667,00,118,00,303,00
2668,00,195,00,22,00
2669,00,99,00,90,00
2670,00,130,00,341,00
2671,00,165,00,355,00
2672,00,350,00,15,00
2673,00,129,00,365,00
2674,00,78,00,178,00
2675,00,900,00,0,00
2676,00,249,00,334,00
2677,00,125,00,365,00
2678,00,199,00,58,00
2679,00,130,00,76,00
2680,00,75,00,353,00
2681,00,125,00,275,00
2682,00,140,00,349,00
2683,00,50,00,365,00
2684,00,150,00,356,00
2685,00,150,00,357,00
2686,00,115,00,309,00
2687,00,45,00,112,00
2688,00,40,00,26,00
2689,00,749,00,299,00
2690,00,150,00,68,00
2691,00,120,00,365,00
2692,00,115,00,307,00
2693,00,215,00,55,00
2694,00,250,00,141,00
2695,00,480,00,0,00
2696,00,160,00,117,00
2697,00,119,00,349,00
2698,00,398,00,0,00
2699,00,79,00,58,00
2700,00,62,00,358,00
2701,00,120,00,6,00
2702,00,60,00,115,00
2703,00,100,00,41,00
2704,00,68,00,164,00
2705,00,95,00,280,00
2706,00,399,00,323,00
2707,00,125,00,65,00
2708,00,95,00,145,00
2709,00,69,00,363,00
2710,00,75,00,355,00
2711,00,50,00,346,00
2712,00,200,00,364,00
2713,00,88,00,154,00
2714,00,100,00,346,00
2715,00,75,00,349,00
2716,00,95,00,59,00
2717,00,110,00,359,00
2718,00,80,00,90,00
2719,00,120,00,5,00
2720,00,120,00,365,00
2721,00,65,00,0,00
2722,00,175,00,361,00
2723,00,85,00,48,00
2724,00,90,00,345,00
2725,00,125,00,0,00
2726,00,95,00,362,00
2727,00,300,00,335,00
2728,00,110,00,352,00
2729,00,249,00,358,00
2730,00,200,00,365,00
2731,00,90,00,365,00
2732,00,64,00,340,00
2733,00,200,00,84,00
2734,00,130,00,11,00
2735,00,65,00,300,00
2736,00,128,00,124,00
2737,00,79,00,365,00
2738,00,95,00,156,00
2739,00,129,00,352,00
2740,00,110,00,89,00
2741,00,85,00,62,00
2742,00,85,00,344,00
2743,00,90,00,65,00
2744,00,120,00,119,00
2745,00,100,00,354,00
2746,00,150,00,1,00
2747,00,110,00,324,00
2748,00,150,00,287,00
2749,00,72,00,114,00
2750,00,88,00,172,00
2751,00,110,00,326,00
2752,00,100,00,335,00
2753,00,100,00,3,00
2754,00,150,00,293,00
2755,00,110,00,80,00
2756,00,55,00,334,00
2757,00,200,00,40,00
2758,00,245,00,365,00
2759,00,49,00,272,00
2760,00,140,00,364,00
2761,00,500,00,0,00
2762,00,109,00,340,00
2763,00,70,00,360,00
2764,00,75,00,10,00
2765,00,85,00,52,00
2766,00,120,00,117,00
2767,00,70,00,281,00
2768,00,199,00,301,00
2769,00,299,00,346,00
2770,00,130,00,174,00
2771,00,110,00,356,00
2772,00,217,00,337,00
2773,00,345,00,365,00
2774,00,59,00,363,00
2775,00,75,00,301,00
2776,00,165,00,41,00
2777,00,138,00,341,00
2778,00,68,00,333,00
2779,00,95,00,273,00
2780,00,114,00,112,00
2781,00,115,00,70,00
2782,00,90,00,348,00
2783,00,90,00,17,00
2784,00,150,00,347,00
2785,00,90,00,80,00
2786,00,120,00,29,00
2787,00,85,00,61,00
2788,00,30,00,15,00
2789,00,95,00,118,00
2790,00,60,00,0,00
2791,00,85,00,185,00
2792,00,50,00,344,00
2793,00,120,00,248,00
2794,00,140,00,268,00
2795,00,299,00,365,00
2796,00,85,00,310,00
2797,00,175,00,343,00
2798,00,165,00,330,00
2799,00,54,00,28,00
2800,00,49,00,259,00
2801,00,129,00,5,00
2802,00,110,00,274,00
2803,00,150,00,272,00
2804,00,119,00,322,00
2805,00,55,00,147,00
2806,00,168,00,285,00
2807,00,55,00,56,00
2808,00,90,00,67,00
2809,00,105,00,298,00
2810,00,,
2811,00,-7703082208544420,00,0.36
2812,00,85,00,340,00
2813,00,120,00,280,00
2814,00,104,00,327,00
2815,00,90,00,223,00
2816,00,97,00,303,00
2817,00,130,00,365,00
2818,00,100,00,29,00
2819,00,85,00,356,00
2820,00,89,00,15,00
2821,00,129,00,5,00
2822,00,90,00,89,00
2823,00,67,00,313,00
2824,00,89,00,342,00
2825,00,63,00,335,00
2826,00,65,00,189,00
2827,00,120,00,1,00
2828,00,85,00,365,00
2829,00,99,00,209,00
2830,00,250,00,149,00
2831,00,425,00,362,00
2832,00,65,00,363,00
2833,00,59,00,237,00
2834,00,175,00,25,00
2835,00,49,00,365,00
2836,00,69,00,272,00
2837,00,171,00,358,00
2838,00,209,00,330,00
2839,00,70,00,18,00
2840,00,94,00,171,00
2841,00,25,00,322,00
2842,00,60,00,260,00
2843,00,,
2844,00,136,00,110,00
2845,00,90,00,237,00
2846,00,95,00,348,00
2847,00,750,00,0,00
2848,00,95,00,0,00
2849,00,80,00,9,00
2850,00,101,00,23,00
2851,00,90,00,82,00
2852,00,40,00,345,00
2853,00,124,00,154,00
2854,00,75,00,80,00
2855,00,70,00,361,00
2856,00,85,00,351,00
2857,00,70,00,362,00
2858,00,109,00,309,00
2859,00,98,00,80,00
2860,00,280,00,76,00
2861,00,80,00,153,00
2862,00,65,00,50,00
2863,00,65,00,310,00
2864,00,152,00,26,00
2865,00,125,00,336,00
2866,00,94,00,316,00
2867,00,135,00,276,00
2868,00,220,00,286,00
2869,00,125,00,301,00
2870,00,125,00,330,00
2871,00,135,00,298,00
2872,00,143,00,335,00
2873,00,149,00,365,00
2874,00,100,00,7,00
2875,00,115,00,301,00
2876,00,100,00,182,00
2877,00,148,00,365,00
2878,00,90,00,49,00
2879,00,103,00,333,00
2880,00,85,00,208,00
2881,00,80,00,343,00
2882,00,100,00,355,00
2883,00,75,00,271,00
2884,00,250,00,332,00
2885,00,115,00,283,00
2886,00,48,00,365,00
2887,00,120,00,301,00
2888,00,117,00,354,00
2889,00,145,00,272,00
2890,00,148,00,295,00
2891,00,600,00,287,00
2892,00,53,00,8,00
2893,00,199,00,13,00
2894,00,60,00,65,00
2895,00,145,00,353,00
2896,00,99,00,352,00
2897,00,150,00,127,00
2898,00,65,00,357,00
2899,00,119,00,333,00
2900,00,145,00,281,00
2901,00,80,00,32,00
2902,00,125,00,287,00
2903,00,75,00,162,00
2904,00,100,00,185,00
2905,00,125,00,345,00
2906,00,75,00,292,00
2907,00,90,00,273,00
2908,00,115,00,332,00
2909,00,75,00,336,00
2910,00,225,00,351,00
2911,00,45,00,125,00
2912,00,125,00,351,00
2913,00,200,00,347,00
2914,00,90,00,342,00
2915,00,40,00,357,00
2916,00,258,00,361,00
2917,00,65,00,243,00
2918,00,49,00,349,00
2919,00,450,00,359,00
2920,00,325,00,238,00
2921,00,150,00,334,00
2922,00,50,00,323,00
2923,00,56,00,63,00
2924,00,178,00,357,00
2925,00,129,00,290,00
2926,00,120,00,238,00
2927,00,80,00,99,00
2928,00,99,00,182,00
2929,00,100,00,296,00
2930,00,135,00,0,00
2931,00,125,00,0,00
2932,00,55,00,72,00
2933,00,,
2934,00,99,00,217,00
2935,00,85,00,91,00
2936,00,155,00,319,00
2937,00,95,00,88,00
2938,00,70,00,76,00
2939,00,225,00,317,00
2940,00,105,00,336,00
2941,00,70,00,28,00
2942,00,315,00,136,00
2943,00,110,00,313,00
2944,00,99,00,66,00
2945,00,105,00,335,00
2946,00,125,00,149,00
2947,00,200,00,133,00
2948,00,100,00,12,00
2949,00,119,00,365,00
2950,00,220,00,347,00
2951,00,75,00,245,00
2952,00,160,00,362,00
2953,00,118,00,332,00
2954,00,108,00,365,00
2955,00,75,00,300,00
2956,00,59,00,272,00
2957,00,82,00,300,00
2958,00,550,00,363,00
2959,00,120,00,325,00
2960,00,110,00,3,00
2961,00,300,00,313,00
2962,00,85,00,41,00
2963,00,279,00,115,00
2964,00,180,00,96,00
2965,00,279,00,89,00
2966,00,65,00,60,00
2967,00,190,00,129,00
2968,00,181,00,350,00
2969,00,125,00,356,00
2970,00,93,00,98,00
2971,00,100,00,365,00
2972,00,99,00,347,00
2973,00,120,00,365,00
2974,00,109,00,99,00
2975,00,100,00,0,00
2976,00,100,00,350,00
2977,00,99,00,115,00
2978,00,140,00,83,00
2979,00,154,00,32,00
2980,00,70,00,0,00
2981,00,98,00,349,00
2982,00,90,00,353,00
2983,00,100,00,62,00
2984,00,60,00,275,00
2985,00,130,00,320,00
2986,00,105,00,356,00
2987,00,600,00,361,00
2988,00,250,00,275,00
2989,00,75,00,358,00
2990,00,99,00,11,00
2991,00,499,00,294,00
2992,00,110,00,296,00
2993,00,69,00,346,00
2994,00,85,00,182,00
2995,00,85,00,127,00
2996,00,150,00,365,00
2997,00,595,00,306,00
2998,00,160,00,80,00
2999,00,145,00,338,00
3000,00,100,00,314,00
3001,00,115,00,1,00
3002,00,89,00,356,00
3003,00,76,00,125,00
3004,00,70,00,190,00
3005,00,329,00,351,00
3006,00,100,00,365,00
3007,00,100,00,347,00
3008,00,100,00,364,00
3009,00,149,00,350,00
3010,00,89,00,357,00
3011,00,119,00,306,00
3012,00,100,00,364,00
3013,00,109,00,36,00
3014,00,100,00,361,00
3015,00,85,00,294,00
3016,00,90,00,0,00
3017,00,100,00,363,00
3018,00,105,00,365,00
3019,00,129,00,96,00
3020,00,150,00,104,00
3021,00,110,00,358,00
3022,00,60,00,364,00
3023,00,130,00,322,00
3024,00,120,00,349,00
3025,00,85,00,331,00
3026,00,110,00,281,00
3027,00,60,00,18,00
3028,00,72,00,358,00
3029,00,99,00,350,00
3030,00,120,00,0,00
3031,00,95,00,317,00
3032,00,60,00,283,00
3033,00,100,00,301,00
3034,00,60,00,99,00
3035,00,60,00,5,00
3036,00,150,00,88,00
3037,00,119,00,337,00
3038,00,199,00,75,00
3039,00,139,00,309,00
3040,00,50,00,363,00
3041,00,175,00,13,00
3042,00,85,00,363,00
3043,00,45,00,34,00
3044,00,95,00,59,00
3045,00,115,00,321,00
3046,00,75,00,0,00
3047,00,120,00,338,00
3048,00,119,00,339,00
3049,00,209,00,343,00
3050,00,96,00,127,00
3051,00,139,00,273,00
3052,00,65,00,275,00
3053,00,190,00,357,00
3054,00,85,00,300,00
3055,00,90,00,44,00
3056,00,80,00,326,00
3057,00,325,00,0,00
3058,00,89,00,358,00
3059,00,66,00,298,00
3060,00,145,00,317,00
3061,00,54,00,272,00
3062,00,165,00,349,00
3063,00,225,00,130,00
3064,00,399,00,11,00
3065,00,179,00,90,00
3066,00,35,00,365,00
3067,00,80,00,88,00
3068,00,85,00,0,00
3069,00,100,00,348,00
3070,00,109,00,321,00
3071,00,150,00,356,00
3072,00,129,00,365,00
3073,00,75,00,340,00
3074,00,89,00,336,00
3075,00,99,00,52,00
3076,00,160,00,341,00
3077,00,175,00,343,00
3078,00,120,00,362,00
3079,00,95,00,152,00
3080,00,109,00,298,00
3081,00,189,00,361,00
3082,00,200,00,365,00
3083,00,31,00,19,00
3084,00,80,00,321,00
3085,00,100,00,267,00
3086,00,110,00,67,00
3087,00,90,00,88,00
3088,00,50,00,243,00
3089,00,120,00,365,00
3090,00,75,00,349,00
3091,00,100,00,101,00
3092,00,54,00,87,00
3093,00,50,00,113,00
3094,00,100,00,0,00
3095,00,80,00,7,00
3096,00,300,00,365,00
3097,00,109,00,319,00
3098,00,55,00,347,00
3099,00,92,00,41,00
3100,00,98,00,279,00
3101,00,60,00,52,00
3102,00,95,00,36,00
3103,00,125,00,305,00
3104,00,200,00,0,00
3105,00,125,00,214,00
3106,00,150,00,337,00
3107,00,49,00,119,00
3108,00,135,00,365,00
3109,00,250,00,365,00
3110,00,87,00,59,00
3111,00,75,00,349,00
3112,00,101,00,358,00
3113,00,267,00,123,00
3114,00,175,00,356,00
3115,00,175,00,336,00
3116,00,105,00,31,00
3117,00,115,00,329,00
3118,00,144,00,335,00
3119,00,90,00,115,00
3120,00,155,00,359,00
3121,00,125,00,329,00
3122,00,119,00,67,00
3123,00,105,00,42,00
3124,00,87,00,362,00
3125,00,50,00,236,00
3126,00,79,00,325,00
3127,00,46,00,32,00
3128,00,109,00,301,00
3129,00,499,00,365,00
3130,00,100,00,335,00
3131,00,175,00,313,00
3132,00,130,00,365,00
3133,00,90,00,126,00
3134,00,55,00,301,00
3135,00,65,00,354,00
3136,00,87,00,150,00
3137,00,80,00,326,00
3138,00,149,00,347,00
3139,00,105,00,349,00
3140,00,95,00,341,00
3141,00,75,00,365,00
3142,00,115,00,273,00
3143,00,150,00,336,00
3144,00,105,00,363,00
3145,00,85,00,71,00
3146,00,125,00,248,00
3147,00,500,00,0,00
3148,00,209,00,292,00
3149,00,295,00,354,00
3150,00,64,00,143,00
3151,00,134,00,74,00
3152,00,104,00,363,00
3153,00,95,00,365,00
3154,00,85,00,365,00
3155,00,109,00,361,00
3156,00,95,00,326,00
3157,00,195,00,356,00
3158,00,99,00,353,00
3159,00,70,00,273,00
3160,00,249,00,335,00
3161,00,111,00,361,00
3162,00,65,00,365,00
3163,00,395,00,324,00
3164,00,65,00,34,00
3165,00,126,00,33,00
3166,00,90,00,294,00
3167,00,120,00,60,00
3168,00,70,00,266,00
3169,00,126,00,57,00
3170,00,65,00,38,00
3171,00,139,00,244,00
3172,00,80,00,68,00
3173,00,115,00,365,00
3174,00,65,00,25,00
3175,00,120,00,330,00
3176,00,89,00,357,00
3177,00,80,00,346,00
3178,00,300,00,313,00
3179,00,105,00,335,00
3180,00,115,00,365,00
3181,00,140,00,143,00
3182,00,50,00,264,00
3183,00,90,00,271,00
3184,00,140,00,315,00
3185,00,110,00,331,00
3186,00,199,00,308,00
3187,00,85,00,148,00
3188,00,110,00,108,00
3189,00,125,00,352,00
3190,00,95,00,30,00
3191,00,99,00,354,00
3192,00,129,00,6,00
3193,00,65,00,348,00
3194,00,115,00,105,00
3195,00,149,00,131,00
3196,00,135,00,360,00
3197,00,325,00,7,00
3198,00,100,00,349,00
3199,00,79,00,114,00
3200,00,95,00,349,00
3201,00,200,00,365,00
3202,00,375,00,89,00
3203,00,75,00,332,00
3204,00,114,00,349,00
3205,00,115,00,81,00
3206,00,2000,00,0,00
3207,00,200,00,348,00
3208,00,89,00,304,00
3209,00,150,00,365,00
3210,00,150,00,266,00
3211,00,85,00,279,00
3212,00,175,00,149,00
3213,00,70,00,339,00
3214,00,99,00,187,00
3215,00,125,00,248,00
3216,00,49,00,176,00
3217,00,79,00,350,00
3218,00,99,00,49,00
3219,00,70,00,365,00
3220,00,101,00,348,00
3221,00,99,00,301,00
3222,00,119,00,334,00
3223,00,100,00,340,00
3224,00,1400,00,0,00
3225,00,175,00,365,00
3226,00,220,00,66,00
3227,00,60,00,358,00
3228,00,91,00,48,00
3229,00,160,00,336,00
3230,00,110,00,357,00
3231,00,75,00,102,00
3232,00,65,00,33,00
3233,00,500,00,0,00
3234,00,100,00,63,00
3235,00,79,00,302,00
3236,00,80,00,324,00
3237,00,55,00,319,00
3238,00,65,00,354,00
3239,00,70,00,150,00
3240,00,185,00,3,00
3241,00,75,00,153,00
3242,00,85,00,293,00
3243,00,130,00,297,00
3244,00,84,00,0,00
3245,00,45,00,310,00
3246,00,203,00,314,00
3247,00,160,00,254,00
3248,00,120,00,3,00
3249,00,250,00,365,00
3250,00,80,00,365,00
3251,00,60,00,340,00
3252,00,229,00,96,00
3253,00,67,00,19,00
3254,00,115,00,364,00
3255,00,80,00,347,00
3256,00,250,00,365,00
3257,00,72,00,354,00
3258,00,175,00,365,00
3259,00,55,00,59,00
3260,00,60,00,358,00
3261,00,65,00,326,00
3262,00,105,00,275,00
3263,00,98,00,344,00
3264,00,155,00,45,00
3265,00,84,00,336,00
3266,00,95,00,147,00
3267,00,89,00,275,00
3268,00,65,00,331,00
3269,00,200,00,258,00
3270,00,100,00,125,00
3271,00,225,00,154,00
3272,00,45,00,131,00
3273,00,125,00,365,00
3274,00,599,00,2,00
3275,00,89,00,275,00
3276,00,120,00,365,00
3277,00,225,00,108,00
3278,00,110,00,38,00
3279,00,185,00,3,00
3280,00,105,00,189,00
3281,00,65,00,330,00
3282,00,80,00,6,00
3283,00,75,00,66,00
3284,00,50,00,354,00
3285,00,268,00,365,00
3286,00,75,00,194,00
3287,00,500,00,363,00
3288,00,85,00,365,00
3289,00,68,00,167,00
3290,00,250,00,0,00
3291,00,43,00,98,00
3292,00,65,00,63,00
3293,00,49,00,134,00
3294,00,125,00,159,00
3295,00,90,00,283,00
3296,00,90,00,82,00
3297,00,50,00,354,00
3298,00,130,00,89,00
3299,00,104,00,365,00
3300,00,155,00,362,00
3301,00,60,00,61,00
3302,00,89,00,165,00
3303,00,130,00,353,00
3304,00,55,00,14,00
3305,00,100,00,238,00
3306,00,155,00,93,00
3307,00,2000,00,360,00
3308,00,125,00,0,00
3309,00,185,00,336,00
3310,00,148,00,349,00
3311,00,100,00,62,00
3312,00,40,00,365,00
3313,00,69,00,117,00
3314,00,99,00,329,00
3315,00,50,00,29,00
3316,00,175,00,338,00
3317,00,150,00,44,00
3318,00,79,00,345,00
3319,00,900,00,294,00
3320,00,65,00,342,00
3321,00,150,00,365,00
3322,00,170,00,333,00
3323,00,90,00,355,00
3324,00,89,00,363,00
3325,00,35,00,8,00
3326,00,80,00,80,00
3327,00,60,00,287,00
3328,00,69,00,182,00
3329,00,50,00,304,00
3330,00,57,00,72,00
3331,00,139,00,330,00
3332,00,100,00,365,00
3333,00,80,00,286,00
3334,00,90,00,263,00
3335,00,95,00,314,00
3336,00,113,00,131,00
3337,00,80,00,64,00
3338,00,450,00,365,00
3339,00,100,00,270,00
3340,00,115,00,365,00
3341,00,69,00,76,00
3342,00,80,00,293,00
3343,00,120,00,263,00
3344,00,69,00,241,00
3345,00,99,00,85,00
3346,00,95,00,0,00
3347,00,68,00,39,00
3348,00,100,00,47,00
3349,00,140,00,7,00
3350,00,170,00,273,00
3351,00,105,00,347,00
3352,00,67,00,46,00
3353,00,400,00,39,00
3354,00,75,00,329,00
3355,00,150,00,0,00
3356,00,110,00,0,00
3357,00,150,00,171,00
3358,00,64,00,24,00
3359,00,200,00,320,00
3360,00,70,00,141,00
3361,00,80,00,363,00
3362,00,97,00,77,00
3363,00,125,00,309,00
3364,00,400,00,307,00
3365,00,54,00,0,00
3366,00,75,00,340,00
3367,00,99,00,205,00
3368,00,70,00,280,00
3369,00,75,00,73,00
3370,00,140,00,345,00
3371,00,160,00,336,00
3372,00,139,00,334,00
3373,00,95,00,352,00
3374,00,115,00,304,00
3375,00,95,00,57,00
3376,00,500,00,0,00
3377,00,95,00,307,00
3378,00,175,00,121,00
3379,00,99,00,175,00
3380,00,85,00,293,00
3381,00,115,00,365,00
3382,00,435,00,178,00
3383,00,125,00,53,00
3384,00,98,00,159,00
3385,00,119,00,62,00
3386,00,80,00,362,00
3387,00,90,00,350,00
3388,00,149,00,345,00
3389,00,105,00,61,00
3390,00,125,00,325,00
3391,00,50,00,359,00
3392,00,99,00,141,00
3393,00,70,00,363,00
3394,00,120,00,92,00
3395,00,99,00,343,00
3396,00,185,00,365,00
3397,00,150,00,308,00
3398,00,150,00,357,00
3399,00,96,00,363,00
3400,00,79,00,332,00
3401,00,150,00,365,00
3402,00,109,00,37,00
3403,00,100,00,360,00
3404,00,120,00,0,00
3405,00,100,00,355,00
3406,00,150,00,275,00
3407,00,115,00,204,00
3408,00,200,00,329,00
3409,00,95,00,40,00
3410,00,205,00,349,00
3411,00,100,00,118,00
3412,00,99,00,62,00
3413,00,104,00,204,00
3414,00,89,00,238,00
3415,00,125,00,31,00
3416,00,115,00,178,00
3417,00,185,00,287,00
3418,00,85,00,59,00
3419,00,99,00,97,00
3420,00,125,00,365,00
3421,00,66,00,330,00
3422,00,150,00,106,00
3423,00,69,00,364,00
3424,00,250,00,284,00
3425,00,350,00,345,00
3426,00,440,00,178,00
3427,00,100,00,157,00
3428,00,169,00,316,00
3429,00,120,00,335,00
3430,00,190,00,69,00
3431,00,120,00,345,00
3432,00,85,00,257,00
3433,00,170,00,364,00
3434,00,250,00,326,00
3435,00,129,00,296,00
3436,00,289,00,347,00
3437,00,75,00,351,00
3438,00,250,00,347,00
3439,00,159,00,4,00
3440,00,165,00,220,00
3441,00,205,00,276,00
3442,00,65,00,342,00
3443,00,58,00,0,00
3444,00,150,00,316,00
3445,00,100,00,322,00
3446,00,140,00,335,00
3447,00,60,00,299,00
3448,00,80,00,125,00
3449,00,109,00,355,00
3450,00,130,00,342,00
3451,00,109,00,353,00
3452,00,499,00,149,00
3453,00,85,00,38,00
3454,00,125,00,312,00
3455,00,90,00,214,00
3456,00,160,00,335,00
3457,00,150,00,344,00
3458,00,175,00,338,00
3459,00,80,00,306,00
3460,00,239,00,79,00
3461,00,375,00,338,00
3462,00,500,00,365,00
3463,00,90,00,305,00
3464,00,115,00,137,00
3465,00,285,00,337,00
3466,00,,
3467,00,,
3468,00,140,00,343,00
3469,00,125,00,337,00
3470,00,295,00,322,00
3471,00,90,00,144,00
3472,00,175,00,364,00
3473,00,170,00,238,00
3474,00,115,00,310,00
3475,00,299,00,0,00
3476,00,2000,00,365,00
3477,00,130,00,116,00
3478,00,500,00,61,00
3479,00,121,00,340,00
3480,00,94,00,131,00
3481,00,85,00,82,00
3482,00,114,00,176,00
3483,00,205,00,54,00
3484,00,200,00,365,00
3485,00,185,00,364,00
3486,00,185,00,364,00
3487,00,200,00,290,00
3488,00,217,00,365,00
3489,00,89,00,261,00
3490,00,125,00,206,00
3491,00,134,00,335,00
3492,00,46,00,142,00
3493,00,200,00,340,00
3494,00,350,00,68,00
3495,00,175,00,365,00
3496,00,125,00,213,00
3497,00,159,00,309,00
3498,00,140,00,273,00
3499,00,175,00,364,00
3500,00,95,00,336,00
3501,00,109,00,268,00
3502,00,253,00,297,00
3503,00,100,00,120,00
3504,00,220,00,188,00
3505,00,300,00,3,00
3506,00,135,00,352,00
3507,00,70,00,117,00
3508,00,150,00,310,00
3509,00,65,00,300,00
3510,00,295,00,61,00
3511,00,110,00,289,00
3512,00,160,00,175,00
3513,00,130,00,343,00
3514,00,245,00,323,00
3515,00,191,00,298,00
3516,00,229,00,364,00
3517,00,150,00,304,00
3518,00,75,00,344,00
3519,00,150,00,89,00
3520,00,125,00,318,00
3521,00,175,00,298,00
3522,00,129,00,307,00
3523,00,115,00,325,00
3524,00,115,00,124,00
3525,00,120,00,142,00
3526,00,295,00,13,00
3527,00,100,00,103,00
3528,00,220,00,318,00
3529,00,350,00,3,00
3530,00,230,00,344,00
3531,00,180,00,254,00
3532,00,375,00,331,00
3533,00,95,00,140,00
3534,00,135,00,287,00
3535,00,175,00,360,00
3536,00,150,00,350,00
3537,00,165,00,88,00
3538,00,118,00,56,00
3539,00,130,00,12,00
3540,00,125,00,318,00
3541,00,265,00,339,00
3542,00,125,00,356,00
3543,00,235,00,200,00
3544,00,149,00,336,00
3545,00,220,00,142,00
3546,00,500,00,21,00
3547,00,128,00,273,00
3548,00,200,00,47,00
3549,00,120,00,291,00
3550,00,120,00,160,00
3551,00,175,00,50,00
3552,00,100,00,257,00
3553,00,350,00,362,00
3554,00,140,00,122,00
3555,00,150,00,333,00
3556,00,200,00,290,00
3557,00,145,00,179,00
3558,00,85,00,227,00
3559,00,250,00,362,00
3560,00,90,00,291,00
3561,00,195,00,296,00
3562,00,120,00,295,00
3563,00,150,00,309,00
3564,00,90,00,347,00
3565,00,50,00,11,00
3566,00,145,00,344,00
3567,00,96,00,65,00
3568,00,115,00,10,00
3569,00,100,00,1,00
3570,00,139,00,116,00
3571,00,99,00,229,00
3572,00,180,00,359,00
3573,00,105,00,67,00
3574,00,149,00,340,00
3575,00,175,00,344,00
3576,00,199,00,334,00
3577,00,180,00,333,00
3578,00,350,00,275,00
3579,00,280,00,296,00
3580,00,195,00,327,00
3581,00,149,00,298,00
3582,00,110,00,343,00
3583,00,269,00,288,00
3584,00,99,00,54,00
3585,00,75,00,27,00
3586,00,120,00,327,00
3587,00,139,00,322,00
3588,00,105,00,351,00
3589,00,300,00,60,00
3590,00,210,00,365,00
3591,00,133,00,343,00
3592,00,105,00,118,00
3593,00,85,00,301,00
3594,00,250,00,280,00
3595,00,85,00,327,00
3596,00,250,00,360,00
3597,00,160,00,29,00
3598,00,100,00,362,00
3599,00,135,00,344,00
3600,00,105,00,31,00
3601,00,250,00,365,00
3602,00,75,00,93,00
3603,00,100,00,350,00
3604,00,475,00,300,00
3605,00,135,00,0,00
3606,00,90,00,55,00
3607,00,90,00,342,00
3608,00,180,00,340,00
3609,00,110,00,300,00
3610,00,70,00,14,00
3611,00,275,00,284,00
3612,00,250,00,364,00
3613,00,135,00,312,00
3614,00,175,00,364,00
3615,00,1000,00,275,00
3616,00,70,00,58,00
3617,00,200,00,327,00
3618,00,325,00,0,00
3619,00,150,00,322,00
3620,00,,
3621,00,200,00,365,00
3622,00,80,00,352,00
3623,00,98,00,316,00
3624,00,95,00,343,00
3625,00,95,00,336,00
3626,00,44,00,102,00
3627,00,80,00,0,00
3628,00,175,00,46,00
3629,00,275,00,0,00
3630,00,100,00,330,00
3631,00,120,00,284,00
3632,00,115,00,26,00
3633,00,175,00,364,00
3634,00,150,00,16,00
3635,00,110,00,335,00
3636,00,100,00,286,00
3637,00,50,00,365,00
3638,00,104,00,347,00
3639,00,125,00,359,00
3640,00,199,00,334,00
3641,00,135,00,316,00
3642,00,114,00,330,00
3643,00,190,00,350,00
3644,00,125,00,350,00
3645,00,212,00,335,00
3646,00,225,00,364,00
3647,00,125,00,273,00
3648,00,129,00,118,00
3649,00,200,00,317,00
3650,00,150,00,304,00
3651,00,115,00,39,00
3652,00,200,00,51,00
3653,00,99,00,136,00
3654,00,170,00,341,00
3655,00,535,00,320,00
3656,00,85,00,342,00
3657,00,90,00,328,00
3658,00,175,00,334,00
3659,00,199,00,332,00
3660,00,100,00,182,00
3661,00,250,00,328,00
3662,00,95,00,118,00
3663,00,160,00,333,00
3664,00,175,00,166,00
3665,00,42,00,315,00
3666,00,80,00,42,00
3667,00,108,00,64,00
3668,00,150,00,344,00
3669,00,90,00,293,00
3670,00,80,00,333,00
3671,00,185,00,292,00
3672,00,90,00,201,00
3673,00,120,00,0,00
3674,00,105,00,224,00
3675,00,100,00,114,00
3676,00,95,00,333,00
3677,00,119,00,321,00
3678,00,90,00,145,00
3679,00,250,00,316,00
3680,00,100,00,356,00
3681,00,165,00,353,00
3682,00,123,00,334,00
3683,00,350,00,101,00
3684,00,100,00,363,00
3685,00,350,00,297,00
3686,00,99,00,112,00
3687,00,186,00,349,00
3688,00,180,00,332,00
3689,00,175,00,326,00
3690,00,125,00,89,00
3691,00,70,00,20,00
3692,00,150,00,342,00
3693,00,293,00,285,00
3694,00,109,00,365,00
3695,00,100,00,365,00
3696,00,125,00,0,00
3697,00,145,00,54,00
3698,00,70,00,1,00
3699,00,75,00,348,00
3700,00,180,00,225,00
3701,00,220,00,259,00
3702,00,189,00,301,00
3703,00,90,00,0,00
3704,00,250,00,245,00
3705,00,365,00,327,00
3706,00,275,00,352,00
3707,00,97,00,318,00
3708,00,159,00,203,00
3709,00,135,00,127,00
3710,00,99,00,349,00
3711,00,129,00,297,00
3712,00,120,00,99,00
3713,00,70,00,268,00
3714,00,165,00,101,00
3715,00,125,00,121,00
3716,00,109,00,293,00
3717,00,139,00,365,00
3718,00,150,00,252,00
3719,00,285,00,274,00
3720,00,135,00,326,00
3721,00,79,00,332,00
3722,00,275,00,317,00
3723,00,179,00,150,00
3724,00,110,00,203,00
