,ids,edad,gasto,cluster
0,21,46,50,0
1,23,44,94,0
2,29,46,35,0
3,31,35,151,0
4,35,15,108,0
5,38,23,40,0
6,39,36,193,3
7,46,45,77,0
8,50,24,213,3
9,57,52,24,0
10,58,59,1026,2
11,59,65,29,0
12,61,26,109,0
13,78,47,41,0
14,89,56,388,3
15,94,30,12,0
16,97,34,387,3
17,100,45,44,0
18,106,58,99,0
19,107,55,738,2
20,109,50,256,3
21,112,53,46,0
22,119,15,245,3
23,123,43,300,3
24,135,58,532,2
25,137,28,305,3
26,161,33,77,0
27,165,30,46,0
28,168,35,230,3
29,177,34,45,0
30,178,49,688,2
31,182,48,272,3
32,183,53,83,0
33,195,32,406,3
34,197,54,36,0
35,199,22,153,0
36,201,58,36,0
37,203,56,563,2
38,210,67,377,3
39,219,28,58,0
40,220,17,35,0
41,223,38,206,3
42,230,57,88,0
43,247,34,124,0
44,249,53,50,0
45,254,63,50,0
46,265,66,413,3
47,270,62,119,0
48,272,46,24,0
49,275,33,58,0
50,279,80,559,2
51,292,38,573,2
52,293,72,114,0
53,295,37,62,0
54,296,30,54,0
55,299,69,377,3
56,301,48,64,0
57,302,40,313,3
58,308,33,71,0
59,310,41,158,0
60,311,32,361,3
61,313,65,160,0
62,326,21,72,0
63,337,33,1413,1
64,339,65,52,0
65,341,39,86,0
66,343,46,133,0
67,356,76,30,0
68,360,19,292,3
69,364,59,124,0
70,377,35,28,0
71,379,29,31,0
72,383,16,116,0
73,392,46,43,0
74,398,47,346,3
75,403,38,137,0
76,404,44,98,0
77,409,51,325,3
78,413,73,414,3
79,416,52,27,0
80,438,39,180,3
81,440,45,67,0
82,443,59,35,0
83,448,51,94,0
84,462,65,65,0
85,466,79,20,0
86,470,68,426,3
87,476,74,248,3
88,483,41,91,0
89,487,46,25,0
90,495,56,65,0
91,504,36,40,0
92,507,36,145,0
93,511,31,56,0
94,517,18,1005,2
95,526,44,105,0
96,537,43,93,0
97,541,65,514,2
98,544,43,236,3
99,546,41,61,0
100,562,57,88,0
101,563,32,48,0
102,569,49,287,3
103,579,63,214,3
104,582,44,17,0
105,595,41,488,2
106,598,43,132,0
107,602,44,102,0
108,603,53,53,0
109,604,37,95,0
110,622,37,105,0
111,626,42,282,3
112,633,44,246,3
113,636,23,95,0
114,650,34,44,0
115,651,51,138,0
116,653,20,466,2
117,665,55,141,0
118,670,51,853,2
119,675,47,183,3
120,690,28,24,0
121,720,61,370,3
122,721,57,107,0
123,722,32,80,0
124,725,53,45,0
125,739,55,529,2
126,742,53,41,0
127,743,39,46,0
128,744,41,854,2
129,755,48,52,0
130,760,67,118,0
131,764,23,103,0
132,773,67,338,3
133,775,36,188,3
134,776,27,73,0
135,782,65,126,0
136,791,85,191,3
137,792,37,53,0
138,799,56,338,3
139,810,40,95,0
140,811,55,305,3
141,815,59,31,0
142,824,46,738,2
143,825,45,28,0
144,829,31,45,0
145,837,52,263,3
146,838,46,107,0
147,841,51,103,0
148,849,30,259,3
149,853,35,175,0
150,855,17,774,2
151,859,36,403,3
152,863,54,37,0
153,874,43,14,0
154,878,40,197,3
155,880,41,616,2
156,888,65,656,2
157,892,60,93,0
158,894,82,67,0
159,904,45,228,3
160,910,28,99,0
161,926,43,641,2
162,927,59,64,0
163,938,34,133,0
164,940,38,46,0
165,941,67,29,0
166,945,45,471,2
167,948,24,137,0
168,954,39,22,0
169,982,35,24,0
170,989,74,365,3
171,990,31,307,3
172,991,20,22,0
173,1001,50,82,0
174,1003,43,155,0
175,1007,66,408,3
176,1010,50,339,3
177,1015,32,136,0
178,1018,29,173,0
179,1023,25,136,0
180,1029,46,28,0
181,1032,64,122,0
182,1033,40,205,3
183,1041,69,31,0
184,1043,35,270,3
185,1051,53,40,0
186,1065,55,380,3
187,1079,34,182,3
188,1081,28,24,0
189,1101,38,206,3
190,1102,21,187,3
191,1110,25,20,0
192,1118,37,148,0
193,1141,70,138,0
194,1151,64,28,0
195,1158,44,617,2
196,1167,65,526,2
197,1172,61,52,0
198,1175,39,81,0
199,1179,26,31,0
200,1182,63,134,0
201,1184,48,18,0
202,1193,34,37,0
203,1202,29,152,0
204,1216,38,30,0
205,1222,47,317,3
206,1224,44,64,0
207,1229,39,136,0
208,1234,38,21,0
209,1241,53,48,0
210,1242,36,78,0
211,1244,51,319,3
212,1245,56,112,0
213,1253,70,36,0
214,1263,21,38,0
215,1286,85,25,0
216,1287,37,223,3
217,1301,60,58,0
218,1302,29,111,0
219,1307,56,213,3
220,1316,50,28,0
221,1317,38,80,0
222,1318,47,163,0
223,1323,79,285,3
224,1326,71,71,0
225,1335,73,34,0
226,1337,45,89,0
227,1344,35,45,0
228,1346,38,40,0
229,1355,21,230,3
230,1356,22,587,2
231,1357,35,97,0
232,1384,64,408,3
233,1395,64,134,0
234,1406,38,244,3
235,1407,51,158,0
236,1419,49,13,0
237,1425,36,135,0
238,1432,70,91,0
239,1439,72,325,3
240,1457,42,28,0
241,1462,31,113,0
242,1464,54,94,0
243,1465,67,69,0
244,1475,53,31,0
245,1481,65,13,0
246,1502,60,36,0
247,1503,15,389,3
248,1507,27,101,0
249,1511,41,122,0
250,1518,38,196,3
251,1535,77,221,3
252,1541,73,74,0
253,1543,31,166,0
254,1545,45,117,0
255,1563,61,315,3
256,1564,74,213,3
257,1573,58,140,0
258,1576,42,154,0
259,1577,31,127,0
260,1581,39,55,0
261,1586,53,242,3
262,1591,47,108,0
263,1597,49,148,0
264,1604,43,164,0
265,1610,62,860,2
266,1612,45,43,0
267,1615,49,48,0
268,1618,55,115,0
269,1630,55,104,0
270,1633,46,110,0
271,1637,53,763,2
272,1639,66,622,2
273,1666,35,59,0
274,1675,55,150,0
275,1686,45,28,0
276,1694,47,16,0
277,1703,55,110,0
278,1707,20,86,0
279,1712,40,57,0
280,1713,75,210,3
281,1716,27,59,0
282,1723,34,71,0
283,1724,66,256,3
284,1735,55,338,3
285,1761,34,275,3
286,1770,39,145,0
287,1772,54,42,0
288,1775,57,117,0
289,1779,82,304,3
290,1803,21,25,0
291,1811,85,84,0
292,1817,41,72,0
293,1827,56,531,2
294,1828,38,275,3
295,1829,57,480,2
296,1852,62,497,2
297,1853,33,106,0
298,1854,65,78,0
299,1860,32,241,3
300,1861,63,73,0
301,1862,59,87,0
302,1863,39,485,2
303,1885,45,138,0
304,1887,22,200,3
305,1889,48,47,0
306,1890,60,48,0
307,1895,60,219,3
308,1897,69,595,2
309,1906,33,215,3
310,1914,27,620,2
311,1917,51,57,0
312,1919,83,36,0
313,1925,44,27,0
314,1937,41,56,0
315,1941,62,343,3
316,1942,74,34,0
317,1944,61,117,0
318,1951,39,560,2
319,1952,55,44,0
320,1953,46,115,0
321,1954,42,54,0
322,1955,56,197,3
323,1960,21,59,0
324,1965,16,51,0
325,1967,44,434,3
326,1968,51,260,3
327,1969,41,141,0
328,1983,15,324,3
329,1988,38,241,3
330,1992,38,157,0
331,1993,31,162,0
332,1996,60,233,3
333,1999,38,76,0
334,2002,65,44,0
335,2013,42,217,3
336,2014,41,111,0
337,2016,31,102,0
338,2027,50,72,0
339,2030,63,561,2
340,2033,48,55,0
341,2045,85,342,3
342,2067,59,260,3
343,2076,60,85,0
344,2083,57,797,2
345,2085,42,185,3
346,2088,37,37,0
347,2089,62,329,3
348,2092,34,1754,1
349,2108,22,195,3
350,2128,58,248,3
351,2132,70,159,0
352,2156,23,424,3
353,2158,58,188,3
354,2165,75,45,0
355,2175,38,41,0
356,2176,68,226,3
357,2177,60,110,0
358,2198,29,53,0
359,2205,37,40,0
360,2208,65,239,3
361,2211,33,67,0
362,2221,22,24,0
363,2237,47,269,3
364,2245,60,176,3
365,2260,41,655,2
366,2271,72,219,3
367,2272,71,13,0
368,2280,21,89,0
369,2285,47,256,3
370,2292,22,82,0
371,2293,38,34,0
372,2301,43,60,0
373,2306,54,138,0
374,2307,32,28,0
375,2309,59,77,0
376,2310,46,51,0
377,2313,35,27,0
378,2318,26,122,0
379,2323,39,298,3
380,2328,72,75,0
381,2329,45,51,0
382,2331,68,37,0
383,2332,29,118,0
384,2338,51,363,3
385,2339,48,180,3
386,2346,36,272,3
387,2350,44,92,0
388,2373,36,35,0
389,2374,77,88,0
390,2389,65,711,2
391,2392,33,138,0
392,2393,66,116,0
393,2396,39,132,0
394,2414,48,77,0
395,2416,60,27,0
396,2420,47,192,3
397,2427,22,470,2
398,2432,61,263,3
399,2435,43,70,0
400,2441,49,77,0
401,2452,43,26,0
402,2469,44,48,0
403,2480,65,381,3
404,2495,39,33,0
405,2496,21,16,0
406,2501,44,255,3
407,2503,16,227,3
408,2519,19,44,0
409,2524,54,88,0
410,2525,25,103,0
411,2527,54,187,3
412,2530,41,97,0
413,2535,27,149,0
414,2544,31,162,0
415,2561,67,101,0
416,2564,45,289,3
417,2566,55,26,0
418,2569,66,84,0
419,2571,42,1681,1
420,2572,54,46,0
421,2578,25,128,0
422,2580,85,139,0
423,2582,75,325,3
424,2584,15,38,0
425,2587,32,897,2
426,2593,21,39,0
427,2600,53,90,0
428,2605,17,28,0
429,2611,65,73,0
430,2628,54,24,0
431,2638,53,284,3
432,2647,49,181,3
433,2648,59,177,3
434,2651,70,555,2
435,2654,29,135,0
436,2670,28,99,0
437,2681,50,96,0
438,2683,39,87,0
439,2703,68,50,0
440,2706,58,32,0
441,2722,44,894,2
442,2733,34,46,0
443,2738,20,144,0
444,2740,42,111,0
445,2741,57,19,0
446,2744,56,92,0
447,2748,40,242,3
448,2749,37,76,0
449,2754,38,222,3
450,2756,72,54,0
451,2760,66,575,2
452,2777,42,10,0
453,2779,46,180,3
454,2780,38,151,0
455,2782,85,159,0
456,2799,56,123,0
457,2809,38,35,0
458,2810,49,256,3
459,2815,40,126,0
460,2822,69,915,2
461,2842,61,65,0
462,2843,22,133,0
463,2855,33,197,3
464,2857,71,35,0
465,2859,78,140,0
466,2860,49,77,0
467,2870,76,874,2
468,2873,30,119,0
469,2877,21,50,0
470,2880,17,21,0
471,2887,44,44,0
472,2890,44,125,0
473,2896,38,310,3
474,2899,18,43,0
475,2905,34,223,3
476,2911,37,121,0
477,2914,49,103,0
478,2919,52,140,0
479,2935,60,127,0
480,2941,50,125,0
481,2943,58,41,0
482,2959,22,117,0
483,2967,40,97,0
484,2968,38,76,0
485,2974,40,80,0
486,2981,24,54,0
487,2988,35,45,0
488,3014,41,188,3
489,3020,53,20,0
490,3040,38,65,0
491,3052,15,79,0
492,3053,26,170,0
493,3056,45,203,3
494,3064,57,177,3
495,3073,64,33,0
496,3077,23,666,2
497,3079,37,188,3
498,3089,68,904,2
499,3095,37,1914,1
500,3103,38,28,0
501,3106,56,207,3
502,3108,15,129,0
503,3111,62,41,0
504,3123,51,77,0
505,3126,52,120,0
506,3128,46,49,0
507,3134,27,239,3
508,3139,38,311,3
509,3142,68,716,2
510,3144,30,82,0
511,3150,44,34,0
512,3154,66,199,3
513,3155,64,93,0
514,3160,56,278,3
515,3161,43,275,3
516,3176,75,255,3
517,3178,37,103,0
518,3184,27,55,0
519,3195,20,24,0
520,3201,50,207,3
521,3210,51,128,0
522,3211,44,72,0
523,3218,46,386,3
524,3221,22,27,0
525,3227,41,239,3
526,3230,48,177,3
527,3234,37,43,0
528,3244,21,269,3
529,3245,44,222,3
530,3249,24,1332,1
531,3260,37,77,0
532,3266,25,618,2
533,3274,27,87,0
534,3279,45,307,3
535,3283,25,66,0
536,3287,67,1763,1
537,3297,46,633,2
538,3298,40,113,0
539,3299,25,36,0
540,3301,55,465,2
541,3302,73,48,0
542,3312,53,262,3
543,3316,35,75,0
544,3333,64,403,3
545,3339,38,733,2
546,3371,31,51,0
547,3380,45,273,3
548,3381,57,331,3
549,3388,70,12,0
550,3392,41,54,0
551,3396,64,88,0
552,3398,47,53,0
553,3405,28,194,3
554,3409,53,178,3
555,3422,47,208,3
556,3426,40,68,0
557,3427,52,54,0
558,3429,61,891,2
559,3431,47,190,3
560,3452,45,289,3
561,3455,59,123,0
562,3456,34,194,3
563,3459,59,221,3
564,3462,64,369,3
565,3465,33,81,0
566,3471,45,180,3
567,3474,48,145,0
568,3480,50,148,0
569,3481,55,197,3
570,3485,55,24,0
571,3492,62,216,3
572,3500,47,45,0
573,3501,53,164,0
574,3502,47,169,0
575,3503,36,585,2
576,3507,51,30,0
577,3508,37,308,3
578,3509,36,193,3
579,3516,43,129,0
580,3531,24,206,3
581,3533,44,105,0
582,3535,42,119,0
583,3539,53,51,0
584,3547,34,48,0
585,3551,69,304,3
586,3557,50,117,0
587,3558,30,139,0
588,3561,23,193,3
589,3562,43,25,0
590,3575,62,227,3
591,3594,15,41,0
592,3601,21,143,0
593,3605,37,127,0
594,3608,30,105,0
595,3611,31,660,2
596,3624,15,156,0
597,3626,35,208,3
598,3636,39,70,0
599,3638,57,36,0
600,3641,39,70,0
601,3655,56,89,0
602,3662,47,108,0
603,3664,35,132,0
604,3680,30,108,0
605,3684,39,62,0
606,3685,21,57,0
607,3691,26,226,3
608,3696,62,167,0
609,3701,29,146,0
610,3705,41,124,0
611,3710,54,274,3
612,3732,31,211,3
613,3736,39,72,0
614,3746,45,49,0
615,3756,48,53,0
616,3757,56,107,0
617,3761,39,522,2
618,3768,47,253,3
619,3773,36,145,0
620,3789,35,51,0
621,3793,31,94,0
622,3811,61,102,0
623,3825,58,61,0
624,3826,51,554,2
625,3830,23,148,0
626,3836,31,278,3
627,3846,39,186,3
628,3848,30,52,0
629,3851,37,593,2
630,3860,42,25,0
631,3863,16,20,0
632,3870,64,57,0
633,3874,41,59,0
634,3883,57,122,0
635,3892,46,40,0
636,3897,63,1198,1
637,3901,46,32,0
638,3902,53,79,0
639,3905,26,365,3
640,3920,67,27,0
641,3925,45,42,0
642,3927,52,220,3
643,3930,40,222,3
644,3937,50,67,0
645,3940,65,117,0
646,3941,63,45,0
647,3944,62,732,2
648,3970,41,165,0
649,3972,50,83,0
650,3973,75,205,3
651,3979,62,442,3
652,3983,29,82,0
653,3985,35,251,3
654,3988,38,191,3
655,3989,39,298,3
656,3999,41,110,0
657,4003,30,219,3
658,4006,25,61,0
659,4010,25,81,0
660,4024,37,251,3
661,4025,35,120,0
662,4031,31,52,0
663,4054,24,571,2
664,4067,43,303,3
665,4070,43,245,3
666,4073,61,25,0
667,4074,29,656,2
668,4077,32,75,0
669,4080,37,16,0
670,4086,36,50,0
671,4093,39,174,0
672,4099,62,80,0
673,4103,54,529,2
674,4107,57,29,0
675,4111,54,109,0
676,4113,42,83,0
677,4115,55,296,3
678,4120,53,138,0
679,4121,76,30,0
680,4131,18,188,3
681,4135,33,221,3
682,4145,44,617,2
683,4152,85,305,3
684,4154,41,363,3
685,4156,37,381,3
686,4162,51,49,0
687,4163,44,36,0
688,4165,59,255,3
689,4166,27,157,0
690,4176,53,1188,1
691,4185,66,351,3
692,4186,36,430,3
693,4189,44,61,0
694,4202,54,96,0
695,4203,59,288,3
696,4211,44,21,0
697,4227,40,57,0
698,4231,39,1778,1
699,4246,46,132,0
700,4251,28,59,0
701,4258,35,61,0
702,4271,66,35,0
703,4273,53,32,0
704,4279,50,325,3
705,4280,34,181,3
706,4286,52,66,0
707,4304,15,41,0
708,4317,56,526,2
709,4318,49,195,3
710,4320,27,133,0
711,4327,36,146,0
712,4332,38,135,0
713,4333,29,43,0
714,4342,28,199,3
715,4345,35,134,0
716,4351,35,55,0
717,4353,28,135,0
718,4357,48,41,0
719,4360,42,102,0
720,4361,23,164,0
721,4365,59,248,3
722,4369,67,184,3
723,4370,35,80,0
724,4374,37,266,3
725,4376,56,106,0
726,4379,30,211,3
727,4380,78,51,0
728,4385,36,222,3
729,4391,35,167,0
730,4401,63,206,3
731,4405,72,25,0
732,4409,61,220,3
733,4411,66,52,0
734,4412,37,176,3
735,4415,39,37,0
736,4418,47,50,0
737,4420,65,220,3
738,4427,38,87,0
739,4439,32,205,3
740,4449,54,342,3
741,4450,53,118,0
742,4451,39,127,0
743,4462,38,146,0
744,4464,38,79,0
745,4469,26,28,0
746,4473,40,130,0
747,4480,45,337,3
748,4483,70,464,2
749,4486,20,281,3
750,4490,50,247,3
751,4491,57,38,0
752,4492,47,492,2
753,4493,30,298,3
754,4495,49,137,0
755,4497,18,58,0
756,4509,46,94,0
757,4512,48,478,2
758,4515,74,49,0
759,4518,55,75,0
760,4523,46,116,0
761,4525,21,641,2
762,4535,52,530,2
763,4537,61,31,0
764,4544,31,127,0
765,4546,56,153,0
766,4561,49,18,0
767,4564,52,269,3
768,4573,38,328,3
769,4574,32,1068,2
770,4581,43,52,0
771,4584,38,28,0
772,4589,69,42,0
773,4596,35,203,3
774,4599,40,52,0
775,4603,59,133,0
776,4606,62,30,0
777,4623,37,60,0
778,4627,25,51,0
779,4631,31,56,0
780,4634,22,309,3
781,4637,47,167,0
782,4650,24,63,0
783,4657,50,216,3
784,4671,34,105,0
785,4677,36,22,0
786,4683,15,47,0
787,4685,20,64,0
788,4694,53,204,3
789,4713,27,387,3
790,4730,50,45,0
791,4743,74,59,0
792,4756,45,56,0
793,4763,38,200,3
794,4767,46,859,2
795,4769,46,235,3
796,4770,63,51,0
797,4777,35,264,3
798,4779,58,339,3
799,4781,54,566,2
800,4782,31,68,0
801,4789,67,196,3
802,4790,41,41,0
803,4792,21,132,0
804,4799,43,294,3
805,4808,24,100,0
806,4809,42,179,3
807,4813,50,169,0
808,4815,49,51,0
809,4817,44,56,0
810,4823,41,138,0
811,4827,31,207,3
812,4833,47,77,0
813,4834,45,143,0
814,4836,49,40,0
815,4839,43,76,0
816,4849,68,128,0
817,4850,50,29,0
818,4853,37,50,0
819,4862,40,235,3
820,4870,38,84,0
821,4871,35,54,0
822,4872,50,59,0
823,4875,62,86,0
824,4877,28,178,3
825,4878,66,39,0
826,4880,70,227,3
827,4883,50,99,0
828,4888,44,64,0
829,4891,36,184,3
830,4896,62,36,0
831,4903,20,52,0
832,4918,67,450,3
833,4923,53,21,0
834,4924,43,107,0
835,4927,45,508,2
836,4929,45,172,0
837,4934,56,114,0
838,4937,34,67,0
839,4942,40,327,3
840,4954,69,97,0
841,4956,38,273,3
842,4977,50,44,0
843,4979,77,148,0
844,4992,15,165,0
845,4993,42,973,2
846,4994,66,163,0
847,4996,20,470,2
848,4999,23,314,3
849,5005,68,53,0
850,5010,56,95,0
851,5011,38,723,2
852,5013,81,20,0
853,5021,46,428,3
854,5029,72,189,3
855,5031,55,35,0
856,5034,28,42,0
857,5037,69,207,3
858,5044,18,6,0
859,5046,48,240,3
860,5056,34,26,0
861,5063,63,129,0
862,5067,59,387,3
863,5071,36,35,0
864,5073,51,238,3
865,5074,64,55,0
866,5077,42,340,3
867,5079,33,43,0
868,5089,19,67,0
869,5091,28,75,0
870,5094,41,167,0
871,5102,59,19,0
872,5114,65,51,0
873,5117,23,89,0
874,5125,38,119,0
875,5137,59,86,0
876,5141,42,138,0
877,5143,63,162,0
878,5144,43,67,0
879,5154,39,46,0
880,5155,73,29,0
881,5159,23,295,3
882,5162,61,247,3
883,5164,61,211,3
884,5166,43,104,0
885,5167,42,38,0
886,5168,54,1666,1
887,5169,48,13,0
888,5176,46,45,0
889,5185,42,32,0
890,5194,28,126,0
891,5195,17,141,0
892,5206,63,456,3
893,5211,16,625,2
894,5213,58,267,3
895,5216,33,178,3
896,5231,43,68,0
897,5239,24,367,3
898,5250,85,555,2
899,5253,36,17,0
900,5265,70,57,0
901,5267,38,136,0
902,5269,44,290,3
903,5275,21,45,0
904,5276,56,40,0
905,5286,60,19,0
906,5290,36,107,0
907,5296,41,401,3
908,5298,55,84,0
909,5302,32,207,3
910,5313,59,31,0
911,5321,59,9,0
912,5328,53,40,0
913,5332,53,13,0
914,5344,55,119,0
915,5345,40,90,0
916,5347,39,77,0
917,5348,33,126,0
918,5349,34,284,3
919,5351,36,106,0
920,5355,17,399,3
921,5357,42,183,3
922,5360,53,339,3
923,5366,60,28,0
924,5367,45,37,0
925,5380,44,58,0
926,5385,29,67,0
927,5388,40,24,0
928,5389,38,75,0
929,5395,57,159,0
930,5402,47,119,0
931,5411,72,777,2
932,5415,46,164,0
933,5416,30,45,0
934,5420,62,26,0
935,5422,38,41,0
936,5435,51,154,0
937,5440,67,47,0
938,5441,69,167,0
939,5443,64,16,0
940,5446,48,29,0
941,5447,23,238,3
942,5448,42,80,0
943,5451,67,132,0
944,5461,65,322,3
945,5467,27,89,0
946,5468,57,39,0
947,5474,43,29,0
948,5477,48,35,0
949,5487,58,464,2
950,5490,64,52,0
951,5491,57,76,0
952,5493,61,314,3
953,5494,22,797,2
954,5499,33,37,0
955,5504,40,56,0
956,5524,46,702,2
957,5528,42,65,0
958,5537,58,211,3
959,5540,43,19,0
960,5547,41,49,0
961,5548,31,381,3
962,5565,30,53,0
963,5566,51,170,0
964,5569,39,91,0
965,5577,85,22,0
966,5580,71,365,3
967,5600,41,190,3
968,5611,68,681,2
969,5613,37,478,2
970,5617,43,92,0
971,5628,81,46,0
972,5630,69,67,0
973,5635,32,188,3
974,5636,40,1709,1
975,5644,69,143,0
976,5646,45,205,3
977,5652,24,173,0
978,5653,68,225,3
979,5668,36,42,0
980,5678,24,56,0
981,5679,45,193,3
982,5686,37,36,0
983,5687,68,62,0
984,5689,67,61,0
985,5698,49,34,0
986,5703,44,245,3
987,5719,58,31,0
988,5733,67,148,0
989,5740,70,224,3
990,5742,47,131,0
991,5746,38,29,0
992,5761,67,229,3
993,5768,32,145,0
994,5776,20,21,0
995,5781,50,862,2
996,5787,72,153,0
997,5795,66,31,0
998,5799,46,871,2
999,5800,53,218,3
1000,5804,63,89,0
1001,5812,36,329,3
1002,5815,41,34,0
1003,5818,85,14,0
1004,5825,55,75,0
1005,5833,56,88,0
1006,5836,46,180,3
1007,5845,51,55,0
1008,5850,34,542,2
1009,5852,64,260,3
1010,5856,69,78,0
1011,5858,29,305,3
1012,5860,36,51,0
1013,5865,46,47,0
1014,5876,34,264,3
1015,5887,78,392,3
1016,5891,31,83,0
1017,5911,29,423,3
1018,5912,62,70,0
1019,5916,50,111,0
1020,5920,58,120,0
1021,5922,63,116,0
1022,5940,39,97,0
1023,5952,26,63,0
1024,5957,57,78,0
1025,5969,43,293,3
1026,5975,45,134,0
1027,5980,82,76,0
1028,5998,46,60,0
1029,6007,56,60,0
1030,6012,49,155,0
1031,6017,32,85,0
1032,6029,21,110,0
1033,6031,33,54,0
1034,6034,34,195,3
1035,6036,76,711,2
1036,6050,72,194,3
1037,6060,53,78,0
1038,6077,41,211,3
1039,6078,71,31,0
1040,6084,44,231,3
1041,6086,34,75,0
1042,6088,35,196,3
1043,6104,38,226,3
1044,6138,34,58,0
1045,6145,36,343,3
1046,6149,41,126,0
1047,6168,67,55,0
1048,6171,35,182,3
1049,6176,53,112,0
1050,6179,15,20,0
1051,6183,47,838,2
1052,6191,58,46,0
1053,6200,54,263,3
1054,6203,71,67,0
1055,6208,60,92,0
1056,6219,51,195,3
1057,6220,59,283,3
1058,6227,40,780,2
1059,6232,63,100,0
1060,6239,30,27,0
1061,6252,64,1373,1
1062,6254,55,160,0
1063,6257,45,121,0
1064,6258,47,185,3
1065,6263,20,95,0
1066,6267,39,202,3
1067,6272,35,220,3
1068,6276,48,299,3
1069,6283,39,38,0
1070,6286,49,312,3
1071,6289,85,61,0
1072,6295,56,112,0
1073,6299,36,479,2
1074,6303,82,45,0
1075,6306,64,285,3
1076,6317,35,14,0
1077,6323,54,142,0
1078,6335,44,342,3
1079,6341,41,161,0
1080,6346,35,26,0
1081,6347,47,31,0
1082,6354,53,396,3
1083,6375,61,24,0
1084,6385,50,146,0
1085,6391,67,24,0
1086,6408,38,26,0
1087,6422,51,185,3
1088,6432,43,27,0
1089,6435,51,32,0
1090,6438,49,147,0
1091,6442,35,51,0
1092,6453,40,288,3
1093,6457,21,294,3
1094,6460,17,595,2
1095,6464,35,123,0
1096,6465,66,64,0
1097,6473,56,1563,1
1098,6475,65,109,0
1099,6479,52,315,3
1100,6481,39,201,3
1101,6505,71,73,0
1102,6508,60,75,0
1103,6513,28,147,0
1104,6514,29,585,2
1105,6524,57,24,0
1106,6525,33,205,3
1107,6528,33,57,0
1108,6534,38,223,3
1109,6536,39,87,0
1110,6544,49,78,0
1111,6545,54,206,3
1112,6547,34,44,0
1113,6558,53,52,0
1114,6562,64,29,0
1115,6565,45,95,0
1116,6570,63,578,2
1117,6571,50,41,0
1118,6573,38,148,0
1119,6575,45,44,0
1120,6578,15,17,0
1121,6580,39,66,0
1122,6582,50,384,3
1123,6586,46,328,3
1124,6588,64,555,2
1125,6598,41,1348,1
1126,6604,52,339,3
1127,6618,43,60,0
1128,6625,33,210,3
1129,6628,34,71,0
1130,6637,50,63,0
1131,6639,48,37,0
1132,6650,80,255,3
1133,6652,45,68,0
1134,6654,44,207,3
1135,6659,85,268,3
1136,6660,55,74,0
1137,6666,45,45,0
1138,6669,58,1546,1
1139,6675,36,620,2
1140,6676,40,54,0
1141,6682,58,114,0
1142,6683,57,67,0
1143,6688,37,38,0
1144,6698,72,40,0
1145,6700,41,278,3
1146,6701,57,40,0
1147,6702,37,259,3
1148,6704,40,278,3
1149,6705,69,164,0
1150,6708,55,191,3
1151,6710,28,258,3
1152,6715,77,47,0
1153,6720,36,65,0
1154,6722,61,187,3
1155,6723,79,33,0
1156,6725,50,50,0
1157,6739,19,309,3
1158,6741,40,174,0
1159,6745,68,52,0
1160,6750,37,51,0
1161,6753,40,176,3
1162,6755,62,97,0
1163,6763,46,106,0
1164,6764,40,139,0
1165,6770,53,78,0
1166,6775,70,29,0
1167,6781,60,99,0
1168,6782,36,33,0
1169,6802,33,101,0
1170,6806,50,203,3
1171,6823,26,222,3
1172,6848,59,113,0
1173,6860,56,193,3
1174,6874,46,15,0
1175,6890,22,97,0
1176,6893,26,241,3
1177,6898,16,16,0
1178,6906,33,52,0
1179,6915,45,1215,1
1180,6925,47,38,0
1181,6929,44,228,3
1182,6936,57,471,2
1183,6944,57,384,3
1184,6945,61,92,0
1185,6957,16,493,2
1186,6958,43,34,0
1187,6959,60,267,3
1188,6961,65,620,2
1189,6980,56,34,0
1190,6981,73,126,0
1191,6984,81,69,0
1192,6991,40,73,0
1193,7014,43,79,0
1194,7016,43,372,3
1195,7022,55,59,0
1196,7023,36,149,0
1197,7041,52,71,0
1198,7043,41,135,0
1199,7045,66,181,3
1200,7051,42,86,0
1201,7056,58,33,0
1202,7060,52,147,0
1203,7076,39,97,0
1204,7079,70,82,0
1205,7083,35,27,0
1206,7095,37,142,0
1207,7097,43,166,0
1208,7103,37,11,0
1209,7107,53,68,0
1210,7108,41,100,0
1211,7117,54,179,3
1212,7125,51,16,0
1213,7127,38,87,0
1214,7130,58,47,0
1215,7131,66,60,0
1216,7132,51,148,0
1217,7136,56,48,0
1218,7138,45,184,3
1219,7139,49,168,0
1220,7150,35,140,0
1221,7155,35,344,3
1222,7157,63,63,0
1223,7164,45,24,0
1224,7177,47,116,0
1225,7193,58,62,0
1226,7224,38,40,0
1227,7226,59,116,0
1228,7231,26,191,3
1229,7236,79,326,3
1230,7249,41,76,0
1231,7266,37,31,0
1232,7279,53,40,0
1233,7284,49,67,0
1234,7289,66,191,3
1235,7298,54,293,3
1236,7299,35,32,0
1237,7306,48,2401,4
1238,7308,38,14,0
1239,7312,55,92,0
1240,7318,35,29,0
1241,7320,30,221,3
1242,7323,49,52,0
1243,7329,37,375,3
1244,7351,28,38,0
1245,7357,56,321,3
1246,7363,59,498,2
1247,7365,34,104,0
1248,7366,64,305,3
1249,7370,21,61,0
1250,7379,33,98,0
1251,7385,70,70,0
1252,7386,45,83,0
1253,7393,53,195,3
1254,7403,39,176,3
1255,7404,65,538,2
1256,7406,29,132,0
1257,7411,48,100,0
1258,7415,36,140,0
1259,7424,52,1222,1
1260,7427,54,401,3
1261,7428,46,47,0
1262,7440,56,150,0
1263,7453,75,184,3
1264,7456,41,33,0
1265,7476,57,227,3
1266,7488,49,175,0
1267,7498,72,2413,4
1268,7500,65,439,3
1269,7507,35,618,2
1270,7510,18,126,0
1271,7511,29,48,0
1272,7525,35,141,0
1273,7526,24,27,0
1274,7527,45,128,0
1275,7531,16,477,2
1276,7532,46,137,0
1277,7545,51,49,0
1278,7547,61,285,3
1279,7559,22,632,2
1280,7567,50,92,0
1281,7569,83,54,0
1282,7573,38,22,0
1283,7589,27,72,0
1284,7594,53,25,0
1285,7595,78,402,3
1286,7596,38,233,3
1287,7616,79,513,2
1288,7621,36,12,0
1289,7628,35,298,3
1290,7629,70,29,0
1291,7630,52,30,0
1292,7641,20,23,0
1293,7643,26,253,3
1294,7645,42,40,0
1295,7646,44,212,3
1296,7649,46,27,0
1297,7652,43,270,3
1298,7660,17,29,0
1299,7663,49,34,0
1300,7670,63,46,0
1301,7671,56,38,0
1302,7675,28,117,0
1303,7684,41,133,0
1304,7687,35,76,0
1305,7697,45,471,2
1306,7698,49,180,3
1307,7706,19,183,3
1308,7710,37,532,2
1309,7718,15,22,0
1310,7719,28,60,0
1311,7720,51,443,3
1312,7724,23,146,0
1313,7734,39,40,0
1314,7740,57,58,0
1315,7741,44,72,0
1316,7745,78,52,0
1317,7747,24,192,3
1318,7760,31,114,0
1319,7762,55,40,0
1320,7769,19,61,0
1321,7773,42,176,3
1322,7785,16,173,0
1323,7789,39,81,0
1324,7795,50,124,0
1325,7798,40,130,0
1326,7802,38,27,0
1327,7805,52,849,2
1328,7806,61,46,0
1329,7815,35,43,0
1330,7821,45,156,0
1331,7826,35,328,3
1332,7831,38,51,0
1333,7834,25,107,0
1334,7852,45,19,0
1335,7854,47,30,0
1336,7857,46,155,0
1337,7862,57,162,0
1338,7863,44,10,0
1339,7873,79,573,2
1340,7875,30,84,0
1341,7877,45,35,0
1342,7885,37,118,0
1343,7888,59,282,3
1344,7903,36,32,0
1345,7911,64,162,0
1346,7917,55,200,3
1347,7922,40,83,0
1348,7924,66,136,0
1349,7928,60,99,0
1350,7931,45,403,3
1351,7932,33,214,3
1352,7945,67,145,0
1353,7946,48,280,3
1354,7953,48,19,0
1355,7957,40,113,0
1356,7960,75,42,0
1357,7963,38,92,0
1358,7973,55,2688,4
1359,7983,43,140,0
1360,7995,37,209,3
1361,8002,43,58,0
1362,8021,60,210,3
1363,8022,56,175,0
1364,8023,39,40,0
1365,8028,28,70,0
1366,8039,45,87,0
1367,8053,57,267,3
1368,8076,58,217,3
1369,8079,27,78,0
1370,8102,64,141,0
1371,8104,62,311,3
1372,8121,51,82,0
1373,8124,75,410,3
1374,8132,39,118,0
1375,8139,50,88,0
1376,8154,23,296,3
1377,8172,46,105,0
1378,8184,72,350,3
1379,8197,74,554,2
1380,8201,40,54,0
1381,8205,38,418,3
1382,8215,62,291,3
1383,8220,31,193,3
1384,8228,49,398,3
1385,8231,47,38,0
1386,8233,62,410,3
1387,8238,23,163,0
1388,8245,31,48,0
1389,8247,21,38,0
1390,8260,27,170,0
1391,8269,35,1794,1
1392,8272,35,173,0
1393,8282,29,166,0
1394,8284,31,242,3
1395,8286,58,61,0
1396,8293,45,267,3
1397,8294,45,251,3
1398,8299,43,72,0
1399,8319,20,533,2
1400,8320,80,1762,1
1401,8325,74,116,0
1402,8334,55,343,3
1403,8341,51,41,0
1404,8345,83,23,0
1405,8351,45,45,0
1406,8354,50,264,3
1407,8361,76,404,3
1408,8365,18,83,0
1409,8378,32,219,3
1410,8380,34,31,0
1411,8383,20,73,0
1412,8384,42,65,0
1413,8389,33,272,3
1414,8395,31,56,0
1415,8398,70,80,0
1416,8403,32,57,0
1417,8405,34,72,0
1418,8407,26,297,3
1419,8410,61,81,0
1420,8419,33,33,0
1421,8422,38,351,3
1422,8428,68,74,0
1423,8446,61,108,0
1424,8450,15,25,0
1425,8453,58,58,0
1426,8456,71,46,0
1427,8460,55,77,0
1428,8463,29,172,0
1429,8465,45,183,3
1430,8467,73,99,0
1431,8468,17,26,0
1432,8473,41,114,0
1433,8494,38,440,3
1434,8499,64,275,3
1435,8504,38,626,2
1436,8506,58,65,0
1437,8508,21,1191,1
1438,8515,18,65,0
1439,8518,40,50,0
1440,8526,47,288,3
1441,8532,50,111,0
1442,8541,50,201,3
1443,8547,78,30,0
1444,8560,29,62,0
1445,8562,38,134,0
1446,8565,54,131,0
1447,8570,43,2303,4
1448,8572,32,114,0
1449,8578,41,393,3
1450,8587,41,196,3
1451,8592,54,282,3
1452,8596,21,341,3
1453,8600,56,28,0
1454,8611,44,516,2
1455,8612,40,140,0
1456,8627,33,55,0
1457,8630,28,33,0
1458,8645,32,455,3
1459,8652,45,240,3
1460,8662,29,273,3
1461,8665,25,93,0
1462,8673,49,78,0
1463,8686,40,217,3
1464,8689,48,193,3
1465,8694,49,329,3
1466,8707,73,129,0
1467,8708,61,887,2
1468,8709,36,153,0
1469,8712,36,50,0
1470,8713,56,101,0
1471,8714,42,225,3
1472,8715,46,55,0
1473,8716,29,30,0
1474,8737,56,326,3
1475,8739,54,1632,1
1476,8753,70,30,0
1477,8761,34,209,3
1478,8762,23,172,0
1479,8783,17,94,0
1480,8816,42,130,0
1481,8818,16,62,0
1482,8822,47,152,0
1483,8823,36,156,0
1484,8824,40,39,0
1485,8829,50,35,0
1486,8830,22,104,0
1487,8838,67,181,3
1488,8846,36,94,0
1489,8865,37,40,0
1490,8874,42,55,0
1491,8879,69,200,3
1492,8880,54,108,0
1493,8883,43,277,3
1494,8896,50,391,3
1495,8898,37,25,0
1496,8913,26,80,0
1497,8925,44,325,3
1498,8928,66,128,0
1499,8929,48,49,0
1500,8939,59,365,3
1501,8944,33,137,0
1502,8966,60,104,0
1503,8967,42,58,0
1504,8972,44,217,3
1505,8974,42,363,3
1506,8983,30,250,3
1507,8987,50,41,0
1508,8991,41,172,0
1509,9013,47,67,0
1510,9019,37,91,0
1511,9023,38,387,3
1512,9024,54,121,0
1513,9030,39,136,0
1514,9031,68,316,3
1515,9040,29,215,3
1516,9047,52,44,0
1517,9053,58,212,3
1518,9054,42,833,2
1519,9055,40,233,3
1520,9089,69,331,3
1521,9105,18,43,0
1522,9117,35,71,0
1523,9122,45,53,0
1524,9127,17,33,0
1525,9132,48,314,3
1526,9133,58,1044,2
1527,9135,36,42,0
1528,9136,45,36,0
1529,9139,39,63,0
1530,9148,54,201,3
1531,9157,47,55,0
1532,9164,85,84,0
1533,9166,52,190,3
1534,9175,20,392,3
1535,9178,68,32,0
1536,9185,41,15,0
1537,9189,35,65,0
1538,9197,37,101,0
1539,9198,48,28,0
1540,9207,27,179,3
1541,9214,50,58,0
1542,9217,66,199,3
1543,9222,63,54,0
1544,9233,54,94,0
1545,9238,71,409,3
1546,9242,29,267,3
1547,9248,21,95,0
1548,9249,81,177,3
1549,9254,29,143,0
1550,9256,68,247,3
1551,9269,65,42,0
1552,9278,32,139,0
1553,9280,35,324,3
1554,9303,33,90,0
1555,9305,41,44,0
1556,9314,71,110,0
1557,9318,39,59,0
1558,9320,38,70,0
1559,9322,50,172,0
1560,9329,45,171,0
1561,9331,43,41,0
1562,9333,50,136,0
1563,9337,85,70,0
1564,9339,56,114,0
1565,9342,71,82,0
1566,9344,49,420,3
1567,9347,41,142,0
1568,9351,78,49,0
1569,9353,57,21,0
1570,9359,35,203,3
1571,9363,27,94,0
1572,9375,73,55,0
1573,9381,65,633,2
1574,9390,29,66,0
1575,9409,52,69,0
1576,9414,61,683,2
1577,9415,69,48,0
1578,9423,26,78,0
1579,9432,43,216,3
1580,9440,50,237,3
1581,9441,41,146,0
1582,9445,32,152,0
1583,9451,57,148,0
1584,9462,19,33,0
1585,9467,33,131,0
1586,9474,34,17,0
1587,9479,50,20,0
1588,9489,46,59,0
1589,9490,50,52,0
1590,9501,16,25,0
1591,9502,67,50,0
1592,9509,42,260,3
1593,9510,67,900,2
1594,9514,42,28,0
1595,9520,53,59,0
1596,9522,53,538,2
1597,9523,49,184,3
1598,9526,40,112,0
1599,9531,69,750,2
1600,9532,19,134,0
1601,9535,64,318,3
1602,9538,67,587,2
1603,9547,35,74,0
1604,9567,16,27,0
1605,9580,64,52,0
1606,9582,39,101,0
1607,9590,66,199,3
1608,9607,48,114,0
1609,9613,60,503,2
1610,9625,46,187,3
1611,9635,31,102,0
1612,9636,70,490,2
1613,9637,51,216,3
1614,9638,29,295,3
1615,9639,46,71,0
1616,9672,35,99,0
1617,9673,47,51,0
1618,9677,45,255,3
1619,9678,34,63,0
1620,9683,60,166,0
1621,9689,29,103,0
1622,9692,15,1412,1
1623,9695,28,42,0
1624,9731,39,63,0
1625,9737,29,109,0
1626,9757,46,39,0
1627,9763,73,202,3
1628,9764,37,18,0
1629,9779,21,282,3
1630,9787,41,100,0
1631,9801,46,240,3
1632,9802,67,253,3
1633,9825,37,63,0
1634,9828,65,241,3
1635,9830,68,137,0
1636,9844,47,322,3
1637,9847,22,43,0
1638,9857,68,254,3
1639,9862,18,964,2
1640,9865,40,328,3
1641,9878,43,267,3
1642,9882,43,28,0
1643,9888,80,21,0
1644,9893,52,50,0
1645,9916,35,66,0
1646,9925,38,181,3
1647,9940,79,230,3
1648,9942,35,151,0
1649,9954,23,171,0
1650,9963,38,42,0
1651,9967,26,130,0
1652,9971,52,64,0
1653,9974,27,203,3
1654,9984,67,56,0
1655,9989,76,55,0
1656,9992,43,60,0
1657,10010,54,363,3
1658,10015,28,49,0
1659,10049,55,160,0
1660,10050,35,113,0
1661,10051,42,1855,1
1662,10061,33,61,0
1663,10068,46,251,3
1664,10070,40,70,0
1665,10076,30,55,0
1666,10080,30,178,3
1667,10082,39,30,0
1668,10089,39,160,0
1669,10090,51,185,3
1670,10101,48,39,0
1671,10102,49,306,3
1672,10119,51,179,3
1673,10132,41,58,0
1674,10135,61,29,0
1675,10147,62,59,0
1676,10148,48,79,0
1677,10154,67,392,3
1678,10171,35,14,0
1679,10174,48,1122,1
1680,10184,52,35,0
1681,10196,31,433,3
1682,10198,34,49,0
1683,10204,55,228,3
1684,10214,41,206,3
1685,10221,32,25,0
1686,10228,33,393,3
1687,10229,38,24,0
1688,10231,62,1200,1
1689,10235,66,67,0
1690,10245,75,2570,4
1691,10246,47,26,0
1692,10248,50,691,2
1693,10252,83,37,0
1694,10255,46,467,2
1695,10256,50,63,0
1696,10271,49,129,0
1697,10285,41,24,0
1698,10289,58,2377,4
1699,10298,54,41,0
1700,10302,46,25,0
1701,10306,57,729,2
1702,10320,34,51,0
1703,10323,68,23,0
1704,10334,39,302,3
1705,10339,65,137,0
1706,10340,43,73,0
1707,10343,40,266,3
1708,10347,41,282,3
1709,10350,43,343,3
1710,10352,18,94,0
1711,10366,30,117,0
1712,10371,71,75,0
1713,10373,52,153,0
1714,10374,41,134,0
1715,10375,85,59,0
1716,10387,51,521,2
1717,10390,33,81,0
1718,10392,43,35,0
1719,10394,61,49,0
1720,10399,28,26,0
1721,10401,44,156,0
1722,10403,32,161,0
1723,10404,30,264,3
1724,10411,29,366,3
1725,10414,45,53,0
1726,10455,79,794,2
1727,10466,58,166,0
1728,10467,37,20,0
1729,10473,69,242,3
1730,10504,52,73,0
1731,10515,36,59,0
1732,10517,61,69,0
1733,10519,46,271,3
1734,10523,27,11,0
1735,10529,71,341,3
1736,10531,36,573,2
1737,10533,58,71,0
1738,10536,20,91,0
1739,10543,59,46,0
1740,10544,34,135,0
1741,10545,57,319,3
1742,10563,20,30,0
1743,10566,85,133,0
1744,10567,34,39,0
1745,10576,40,94,0
1746,10578,65,90,0
1747,10590,50,150,0
1748,10600,39,421,3
1749,10604,42,609,2
1750,10605,62,56,0
1751,10611,48,285,3
1752,10615,17,335,3
1753,10617,66,82,0
1754,10624,39,219,3
1755,10626,34,302,3
1756,10645,66,14,0
1757,10652,63,459,3
1758,10669,42,143,0
1759,10670,79,878,2
1760,10672,38,104,0
1761,10694,25,57,0
1762,10699,35,134,0
1763,10704,22,19,0
1764,10707,42,378,3
1765,10708,38,91,0
1766,10709,74,80,0
1767,10718,23,273,3
1768,10724,67,236,3
1769,10732,38,60,0
1770,10741,42,121,0
1771,10742,42,106,0
1772,10744,35,109,0
1773,10760,39,117,0
1774,10768,38,27,0
1775,10778,35,292,3
1776,10784,67,114,0
1777,10786,47,154,0
1778,10793,18,33,0
1779,10798,54,107,0
1780,10804,36,47,0
1781,10807,59,102,0
1782,10814,39,72,0
1783,10825,56,164,0
1784,10826,57,72,0
1785,10831,31,647,2
1786,10833,22,91,0
1787,10835,34,171,0
1788,10838,36,282,3
1789,10841,41,34,0
1790,10847,62,411,3
1791,10856,38,436,3
1792,10860,49,1510,1
1793,10872,52,545,2
1794,10877,69,32,0
1795,10878,68,120,0
1796,10882,69,428,3
1797,10891,54,85,0
1798,10895,53,83,0
1799,10901,47,309,3
1800,10902,39,32,0
1801,10903,21,19,0
1802,10906,60,46,0
1803,10914,34,153,0
1804,10920,34,48,0
1805,10936,55,307,3
1806,10940,52,93,0
1807,10942,34,49,0
1808,10944,49,35,0
1809,10959,20,1833,1
1810,10965,33,74,0
1811,10970,56,972,2
1812,10972,76,22,0
1813,10986,72,126,0
1814,10994,58,2563,4
1815,10997,71,80,0
1816,10999,60,36,0
1817,11004,53,51,0
1818,11005,66,177,3
1819,11011,44,119,0
1820,11015,51,24,0
1821,11017,46,24,0
1822,11018,16,123,0
1823,11021,33,48,0
1824,11036,40,136,0
1825,11050,38,42,0
1826,11056,31,58,0
1827,11059,25,215,3
1828,11062,37,369,3
1829,11066,30,758,2
1830,11068,16,17,0
1831,11072,67,1698,1
1832,11074,19,94,0
1833,11077,78,249,3
1834,11080,48,38,0
1835,11081,52,23,0
1836,11087,35,1592,1
1837,11091,54,414,3
1838,11096,74,54,0
1839,11100,32,126,0
1840,11103,57,160,0
1841,11106,66,219,3
1842,11121,39,67,0
1843,11149,41,25,0
1844,11172,44,33,0
1845,11174,39,85,0
1846,11176,58,323,3
1847,11178,53,39,0
1848,11183,19,192,3
1849,11185,26,157,0
1850,11196,59,90,0
1851,11198,26,93,0
1852,11203,57,319,3
1853,11210,57,20,0
1854,11213,50,66,0
1855,11219,37,162,0
1856,11221,63,70,0
1857,11224,39,229,3
1858,11227,35,469,2
1859,11249,39,31,0
1860,11250,34,56,0
1861,11252,27,442,3
1862,11267,34,218,3
1863,11268,73,280,3
1864,11277,32,57,0
1865,11281,31,160,0
1866,11284,72,481,2
1867,11296,43,87,0
1868,11300,41,21,0
1869,11312,49,210,3
1870,11314,44,328,3
1871,11316,47,454,3
1872,11324,81,389,3
1873,11326,54,121,0
1874,11355,40,229,3
1875,11356,49,94,0
1876,11363,55,749,2
1877,11372,31,267,3
1878,11378,44,333,3
1879,11379,58,280,3
1880,11383,54,119,0
1881,11395,64,180,3
1882,11410,24,885,2
1883,11424,74,85,0
1884,11431,56,370,3
1885,11438,54,86,0
1886,11446,52,32,0
1887,11451,37,60,0
1888,11456,59,163,0
1889,11460,57,84,0
1890,11467,45,36,0
1891,11468,68,47,0
1892,11470,55,45,0
1893,11482,17,121,0
1894,11486,32,169,0
1895,11487,52,202,3
1896,11495,71,243,3
1897,11504,46,35,0
1898,11512,44,219,3
1899,11513,35,51,0
1900,11514,36,26,0
1901,11519,55,213,3
1902,11526,56,115,0
1903,11532,49,124,0
1904,11533,69,35,0
1905,11535,54,248,3
1906,11536,38,241,3
1907,11539,63,26,0
1908,11541,77,1500,1
1909,11542,36,58,0
1910,11543,70,258,3
1911,11546,26,197,3
1912,11555,44,306,3
1913,11559,50,42,0
1914,11565,28,175,0
1915,11603,61,148,0
1916,11620,65,1040,2
1917,11625,59,714,2
1918,11627,74,198,3
1919,11638,78,120,0
1920,11644,59,118,0
1921,11659,51,22,0
1922,11667,66,43,0
1923,11669,62,158,0
1924,11670,40,53,0
1925,11674,76,66,0
1926,11682,38,35,0
1927,11689,33,579,2
1928,11699,49,183,3
1929,11725,69,68,0
1930,11735,24,175,0
1931,11742,26,391,3
1932,11744,71,560,2
1933,11757,18,218,3
1934,11765,34,177,3
1935,11774,29,102,0
1936,11775,37,144,0
1937,11796,69,39,0
1938,11801,45,74,0
1939,11805,45,481,2
1940,11811,52,138,0
1941,11821,39,80,0
1942,11827,71,387,3
1943,11834,52,166,0
1944,11837,69,91,0
1945,11839,73,91,0
1946,11861,34,408,3
1947,11862,19,1040,2
1948,11863,52,59,0
1949,11883,37,141,0
1950,11884,37,40,0
1951,11886,54,222,3
1952,11887,74,123,0
1953,11890,36,89,0
1954,11897,51,112,0
1955,11900,38,57,0
1956,11906,28,149,0
1957,11911,41,44,0
1958,11921,52,65,0
1959,11923,20,212,3
1960,11926,26,100,0
1961,11932,76,25,0
1962,11942,45,2388,4
1963,11945,62,377,3
1964,11949,41,538,2
1965,11951,44,209,3
1966,11956,69,19,0
1967,11957,50,67,0
1968,11964,40,26,0
1969,11972,62,33,0
1970,11981,50,77,0
1971,11991,61,223,3
1972,11994,66,80,0
1973,11996,38,37,0
1974,11999,29,187,3
1975,12001,50,42,0
1976,12002,63,121,0
1977,12003,47,110,0
1978,12011,52,125,0
1979,12013,76,116,0
1980,12019,41,502,2
1981,12020,71,33,0
1982,12026,41,654,2
1983,12028,36,735,2
1984,12032,69,207,3
1985,12033,37,696,2
1986,12035,49,25,0
1987,12036,41,99,0
1988,12053,40,331,3
1989,12054,44,71,0
1990,12056,47,30,0
1991,12058,60,264,3
1992,12064,57,91,0
1993,12074,42,369,3
1994,12077,19,219,3
1995,12088,65,59,0
1996,12098,49,233,3
1997,12099,17,235,3
1998,12102,56,469,2
1999,12106,66,376,3
2000,12109,24,375,3
2001,12112,70,95,0
2002,12116,60,236,3
2003,12126,68,373,3
2004,12127,67,251,3
2005,12131,57,29,0
2006,12140,36,122,0
2007,12151,22,177,3
2008,12154,58,59,0
2009,12161,42,191,3
2010,12165,45,48,0
2011,12168,16,10,0
2012,12172,33,202,3
2013,12194,30,71,0
2014,12198,78,29,0
2015,12199,50,254,3
2016,12205,37,72,0
2017,12206,43,98,0
2018,12208,15,104,0
2019,12210,29,200,3
2020,12222,69,334,3
2021,12229,44,51,0
2022,12230,40,35,0
2023,12231,18,33,0
2024,12235,53,47,0
2025,12237,68,416,3
2026,12238,38,122,0
2027,12242,51,1514,1
2028,12251,38,155,0
2029,12257,37,298,3
2030,12269,56,21,0
2031,12272,47,42,0
2032,12288,36,53,0
2033,12291,26,430,3
2034,12292,21,873,2
2035,12313,68,128,0
2036,12317,47,57,0
2037,12322,62,201,3
2038,12327,72,92,0
2039,12328,31,971,2
2040,12332,43,214,3
2041,12335,60,285,3
2042,12368,33,282,3
2043,12377,27,252,3
2044,12387,42,417,3
2045,12397,42,34,0
2046,12401,36,284,3
2047,12411,56,130,0
2048,12414,55,31,0
2049,12417,31,38,0
2050,12421,42,59,0
2051,12434,44,82,0
2052,12441,74,51,0
2053,12448,30,385,3
2054,12450,18,218,3
2055,12451,46,129,0
2056,12461,76,36,0
2057,12462,40,182,3
2058,12475,65,419,3
2059,12478,58,110,0
2060,12481,55,640,2
2061,12489,51,132,0
2062,12494,71,94,0
2063,12497,37,41,0
2064,12513,15,27,0
2065,12515,62,1862,1
2066,12520,46,183,3
2067,12526,53,37,0
2068,12534,20,200,3
2069,12535,56,362,3
2070,12537,54,106,0
2071,12545,57,98,0
2072,12550,60,104,0
2073,12551,45,20,0
2074,12571,66,118,0
2075,12581,40,82,0
2076,12605,60,57,0
2077,12610,26,32,0
2078,12618,43,31,0
2079,12622,36,132,0
2080,12629,21,29,0
2081,12640,41,52,0
2082,12643,36,325,3
2083,12646,46,45,0
2084,12648,25,80,0
2085,12657,33,191,3
2086,12660,27,21,0
2087,12668,67,2681,4
2088,12670,33,144,0
2089,12696,58,16,0
2090,12700,32,58,0
2091,12705,66,226,3
2092,12706,26,33,0
2093,12708,49,155,0
2094,12717,66,61,0
2095,12718,46,364,3
2096,12722,15,12,0
2097,12732,33,471,2
2098,12735,45,72,0
2099,12743,45,264,3
2100,12747,33,62,0
2101,12751,53,395,3
2102,12754,44,41,0
2103,12756,60,309,3
2104,12763,33,231,3
2105,12771,36,153,0
2106,12775,47,49,0
2107,12785,43,72,0
2108,12788,32,49,0
2109,12800,52,139,0
2110,12814,70,96,0
2111,12821,73,57,0
2112,12822,41,89,0
2113,12825,66,31,0
2114,12826,66,316,3
2115,12840,59,170,0
2116,12843,75,214,3
2117,12845,58,48,0
2118,12854,57,225,3
2119,12858,56,400,3
2120,12860,79,48,0
2121,12865,35,175,0
2122,12870,40,136,0
2123,12873,62,369,3
2124,12890,57,201,3
2125,12893,51,59,0
2126,12898,52,135,0
2127,12912,72,63,0
2128,12929,70,593,2
2129,12935,53,57,0
2130,12939,68,188,3
2131,12947,37,135,0
2132,12950,32,146,0
2133,12953,63,178,3
2134,12957,80,737,2
2135,12960,36,62,0
2136,12967,62,426,3
2137,12982,49,59,0
2138,12999,22,33,0
2139,13008,64,295,3
2140,13018,51,55,0
2141,13028,33,34,0
2142,13032,18,32,0
2143,13038,57,89,0
2144,13043,57,76,0
2145,13053,42,155,0
2146,13055,34,298,3
2147,13059,55,82,0
2148,13061,67,37,0
2149,13063,32,29,0
2150,13080,64,24,0
2151,13083,35,330,3
2152,13088,75,54,0
2153,13089,46,42,0
2154,13090,56,139,0
2155,13094,67,95,0
2156,13098,34,170,0
2157,13116,35,249,3
2158,13117,42,141,0
2159,13120,73,109,0
2160,13123,47,81,0
2161,13126,39,118,0
2162,13140,18,38,0
2163,13144,51,41,0
2164,13145,21,285,3
2165,13147,56,64,0
2166,13153,54,233,3
2167,13155,68,713,2
2168,13158,27,119,0
2169,13159,70,26,0
2170,13165,40,68,0
2171,13166,58,44,0
2172,13173,67,217,3
2173,13177,72,576,2
2174,13185,25,132,0
2175,13199,25,219,3
2176,13203,39,127,0
2177,13204,30,314,3
2178,13206,42,153,0
2179,13208,44,145,0
2180,13214,22,135,0
2181,13219,30,516,2
2182,13226,67,452,3
2183,13230,39,45,0
2184,13232,22,24,0
2185,13237,36,95,0
2186,13249,30,475,2
2187,13250,57,45,0
2188,13251,25,146,0
2189,13274,38,36,0
2190,13279,17,135,0
2191,13285,21,75,0
2192,13301,56,57,0
2193,13314,69,27,0
2194,13324,69,40,0
2195,13327,71,49,0
2196,13328,72,21,0
2197,13329,71,144,0
2198,13330,39,114,0
2199,13332,39,40,0
2200,13343,74,3305,4
2201,13346,49,264,3
2202,13349,32,43,0
2203,13356,59,37,0
2204,13362,60,173,0
2205,13363,47,114,0
2206,13368,34,337,3
2207,13373,30,121,0
2208,13376,71,312,3
2209,13378,44,45,0
2210,13391,22,238,3
2211,13395,33,438,3
2212,13396,39,166,0
2213,13397,64,2815,4
2214,13420,33,88,0
2215,13423,70,39,0
2216,13434,37,175,0
2217,13436,35,784,2
2218,13440,69,138,0
2219,13455,52,291,3
2220,13456,42,50,0
2221,13459,26,74,0
2222,13463,60,40,0
2223,13465,70,23,0
2224,13466,31,239,3
2225,13470,40,175,0
2226,13473,49,1639,1
2227,13476,52,174,0
2228,13477,26,279,3
2229,13486,59,419,3
2230,13488,40,62,0
2231,13496,51,103,0
2232,13498,28,190,3
2233,13503,23,66,0
2234,13509,23,89,0
2235,13511,55,115,0
2236,13517,45,57,0
2237,13525,34,53,0
2238,13531,71,157,0
2239,13541,46,179,3
2240,13550,69,82,0
2241,13552,66,154,0
2242,13553,43,50,0
2243,13571,19,40,0
2244,13576,47,20,0
2245,13584,23,104,0
2246,13585,19,78,0
2247,13588,26,44,0
2248,13594,47,75,0
2249,13614,54,843,2
2250,13616,24,157,0
2251,13631,67,104,0
2252,13650,39,31,0
2253,13654,32,445,3
2254,13658,73,55,0
2255,13671,67,54,0
2256,13672,28,339,3
2257,13678,28,169,0
2258,13679,36,213,3
2259,13687,62,211,3
2260,13695,71,394,3
2261,13707,35,93,0
2262,13709,70,346,3
2263,13723,34,118,0
2264,13725,59,106,0
2265,13729,68,142,0
2266,13733,57,40,0
2267,13747,28,552,2
2268,13748,68,413,3
2269,13749,65,38,0
2270,13768,73,87,0
2271,13775,40,68,0
2272,13781,35,189,3
2273,13788,39,362,3
2274,13798,57,217,3
2275,13805,58,41,0
2276,13807,54,844,2
2277,13809,65,353,3
2278,13810,46,42,0
2279,13824,29,173,0
2280,13826,56,51,0
2281,13837,49,168,0
2282,13851,73,207,3
2283,13856,69,60,0
2284,13868,55,74,0
2285,13872,27,42,0
2286,13883,40,454,3
2287,13884,25,270,3
2288,13900,46,111,0
2289,13903,71,37,0
2290,13912,46,93,0
2291,13918,65,112,0
2292,13923,85,92,0
2293,13934,65,53,0
2294,13942,54,107,0
2295,13943,32,244,3
2296,13944,42,188,3
2297,13946,49,199,3
2298,13951,27,594,2
2299,13969,61,23,0
2300,13978,69,267,3
2301,13979,35,77,0
2302,13989,68,96,0
2303,14005,57,42,0
2304,14010,36,217,3
2305,14013,45,35,0
2306,14014,61,188,3
2307,14019,34,38,0
2308,14029,44,43,0
2309,14032,39,1908,1
2310,14034,24,109,0
2311,14039,66,206,3
2312,14042,60,52,0
2313,14045,40,483,2
2314,14047,37,129,0
2315,14053,49,205,3
2316,14058,45,644,2
2317,14064,43,51,0
2318,14065,51,128,0
2319,14073,40,181,3
2320,14082,35,130,0
2321,14085,60,184,3
2322,14088,44,94,0
2323,14091,53,81,0
2324,14097,36,239,3
2325,14099,62,65,0
2326,14102,44,133,0
2327,14109,71,736,2
2328,14110,52,18,0
2329,14111,44,191,3
2330,14119,28,164,0
2331,14125,68,587,2
2332,14138,27,232,3
2333,14139,50,124,0
2334,14151,33,60,0
2335,14162,39,49,0
2336,14169,64,126,0
2337,14177,66,87,0
2338,14180,48,155,0
2339,14185,31,1457,1
2340,14190,65,36,0
2341,14205,53,53,0
2342,14206,46,35,0
2343,14209,34,153,0
2344,14246,63,55,0
2345,14260,76,171,0
2346,14261,45,129,0
2347,14263,31,49,0
2348,14265,51,147,0
2349,14268,47,30,0
2350,14271,55,97,0
2351,14277,16,121,0
2352,14284,72,30,0
2353,14296,56,242,3
2354,14301,62,54,0
2355,14310,41,127,0
2356,14322,31,203,3
2357,14323,62,22,0
2358,14334,66,433,3
2359,14338,54,118,0
2360,14340,35,872,2
2361,14342,54,1739,1
2362,14344,45,457,3
2363,14347,24,366,3
2364,14353,53,68,0
2365,14357,45,81,0
2366,14359,76,30,0
2367,14364,64,33,0
2368,14366,33,177,3
2369,14372,47,87,0
2370,14378,17,108,0
