EDAD,GASTOFI_TOTAL,test
21,46,50,98
23,44,94,02
29,46,35,63
31,35,151,96
35,15,108,47
38,23,40,25
39,36,193,32
46,45,77,79
50,24,213,23
57,52,24,8
58,59,1026,56
59,65,29,91
61,26,109,89
78,47,41,11
89,56,388,78
94,30,12,87
97,34,387,76
100,45,44,71
106,58,99,46
107,55,738,87
109,50,256,46
112,53,46,98
119,15,245,69
123,43,300,1
135,58,532,58
137,28,305,98
161,33,77,47
165,30,46,22
168,35,230,13
177,34,45,02
178,49,688,24
182,48,272,23
183,53,83,57
195,32,406,31
197,54,36,32
199,22,153,12
201,58,36,96
203,56,563,1
210,67,377,29
219,28,58,27
220,17,35,35
223,38,206,75
230,57,88,85
247,34,124,19
249,53,50,72
254,63,50,76
265,66,413,78
270,62,119,53
272,46,24,81
275,33,58,35
279,80,559,36
292,38,573,39
293,72,114,94
295,37,62,94
296,30,54,28
299,69,377,67
301,48,64,71
302,40,313,41
308,33,71,98
310,41,158,25
311,32,361,79
313,65,160,17
326,21,72,58
337,33,1413,37
339,65,52,01
341,39,86,66
343,46,133,31
356,76,30,2
360,19,292,17
364,59,124,69
377,35,28,18
379,29,31,85
383,16,116,79
392,46,43,67
398,47,346,42
403,38,137,27
404,44,98,79
409,51,325,14
413,73,414,61
416,52,27,66
438,39,180,61
440,45,67,28
443,59,35,91
448,51,94,39
462,65,65,33
466,79,20,74
470,68,426,79
476,74,248,22
483,41,91,47
487,46,25,25
495,56,65,4
504,36,40,05
507,36,145,87
511,31,56,08
517,18,1005,82
526,44,105,67
537,43,93,89
541,65,514,71
544,43,236,56
546,41,61,08
562,57,88,16
563,32,48,25
569,49,287,87
579,63,214,34
582,44,17,94
595,41,488,78
598,43,132,49
602,44,102,75
603,53,53,8
604,37,95,1
622,37,105,01
626,42,282,42
633,44,246,81
636,23,95,64
650,34,44,52
651,51,138,5
653,20,466,44
665,55,141,87
670,51,853,44
675,47,183,72
690,28,24,64
720,61,370,38
721,57,107,83
722,32,80,56
725,53,45,81
739,55,529,61
742,53,41,64
743,39,46,5
744,41,854,69
755,48,52
760,67,118,24
764,23,103,35
773,67,338,75
775,36,188,62
776,27,73,15
782,65,126,07
791,85,191,45
792,37,53,57
799,56,338,66
810,40,95,46
811,55,305,78
815,59,31,21
824,46,738,48
825,45,28,51
829,31,45,49
837,52,263,47
838,46,107,59
841,51,103,08
849,30,259,37
853,35,175,32
855,17,774,26
859,36,403,98
863,54,37,11
874,43,14,89
878,40,197,06
880,41,616,57
888,65,656,76
892,60,93,6
894,82,67,26
904,45,228,35
910,28,99,3
926,43,641,18
927,59,64,42
938,34,133,91
940,38,46,34
941,67,29,05
945,45,471,76
948,24,137
954,39,22,91
982,35,24,61
989,74,365,2
990,31,307,2
991,20,22,39
1001,50,82,45
1003,43,155,24
1007,66,408,09
1010,50,339,48
1015,32,136,68
1018,29,173,58
1023,25,136,24
1029,46,28,95
1032,64,122,66
1033,40,205,22
1041,69,31,3
1043,35,270,72
1051,53,40,47
1065,55,380,27
1079,34,182,37
1081,28,24
1101,38,206,25
1102,21,187,7
1110,25,20,07
1118,37,148,76
1141,70,138,05
1151,64,28,44
1158,44,617,01
1167,65,526,52
1172,61,52,9
1175,39,81,5
1179,26,31,88
1182,63,134,19
1184,48,18,7
1193,34,37,63
1202,29,152,91
1216,38,30,29
1222,47,317,94
1224,44,64,95
1229,39,136,83
1234,38,21,18
1241,53,48,53
1242,36,78,74
1244,51,319,71
1245,56,112,98
1253,70,36,01
1263,21,38,74
1286,85,25,12
1287,37,223,15
1301,60,58,93
1302,29,111,58
1307,56,213,32
1316,50,28,32
1317,38,80,59
1318,47,163,76
1323,79,285,64
1326,71,71,01
1335,73,34,33
1337,45,89,47
1344,35,45,95
1346,38,40,06
1355,21,230,32
1356,22,587,69
1357,35,97,87
1384,64,408,53
1395,64,134,03
1406,38,244,26
1407,51,158,65
1419,49,13,82
1425,36,135,77
1432,70,91,97
1439,72,325,85
1457,42,28,79
1462,31,113,43
1464,54,94,64
1465,67,69,06
1475,53,31,24
1481,65,13,55
1502,60,36,28
1503,15,389,48
1507,27,101,22
1511,41,122,04
1518,38,196,53
1535,77,221,94
1541,73,74,06
1543,31,166,96
1545,45,117,17
1563,61,315,57
1564,74,213,57
1573,58,140,36
1576,42,154,84
1577,31,127,37
1581,39,55,64
1586,53,242,34
1591,47,108,14
1597,49,148,02
1604,43,164,23
1610,62,860,38
1612,45,43,39
1615,49,48,59
1618,55,115,31
1630,55,104,32
1633,46,110,66
1637,53,763,73
1639,66,622,73
1666,35,59,96
1675,55,150,26
1686,45,28,76
1694,47,16,28
1703,55,110,65
1707,20,86,99
1712,40,57,28
1713,75,210,76
1716,27,59,9
1723,34,71,2
1724,66,256,48
1735,55,338,01
1761,34,275,05
1770,39,145,55
1772,54,42,3
1775,57,117,4
1779,82,304,77
1803,21,25,29
1811,85,84,17
1817,41,72,11
1827,56,531,49
1828,38,275,17
1829,57,480,2
1852,62,497,63
1853,33,106,22
1854,65,78,59
1860,32,241,1
1861,63,73,76
1862,59,87,61
1863,39,485,46
1885,45,138,17
1887,22,200,52
1889,48,47,62
1890,60,48,72
1895,60,219,59
1897,69,595,1
1906,33,215,06
1914,27,620,24
1917,51,57,5
1919,83,36,33
1925,44,27,22
1937,41,56,3
1941,62,343,26
1942,74,34,74
1944,61,117,87
1951,39,560,57
1952,55,44,08
1953,46,115,77
1954,42,54,06
1955,56,197,45
1960,21,59,56
1965,16,51,33
1967,44,434,47
1968,51,260,61
1969,41,141,76
1983,15,324,65
1988,38,241,46
1992,38,157,73
1993,31,162,11
1996,60,233,53
1999,38,76,12
2002,65,44,56
2013,42,217,97
2014,41,111,02
2016,31,102,42
2027,50,72,01
2030,63,561,62
2033,48,55
2045,85,342,12
2067,59,260,13
2076,60,85,95
2083,57,797,05
2085,42,185,05
2088,37,37,42
2089,62,329,5
2092,34,1754,66
2108,22,195,93
2128,58,248,19
2132,70,159,06
2156,23,424,35
2158,58,188,9
2165,75,45,61
2175,38,41,64
2176,68,226,66
2177,60,110,76
2198,29,53,87
2205,37,40,85
2208,65,239,64
2211,33,67,33
2221,22,24,12
2237,47,269,4
2245,60,176,43
2260,41,655,91
2271,72,219,22
2272,71,13,86
2280,21,89,81
2285,47,256,12
2292,22,82,13
2293,38,34,35
2301,43,60,67
2306,54,138,04
2307,32,28,47
2309,59,77,43
2310,46,51,43
2313,35,27,51
2318,26,122,96
2323,39,298,14
2328,72,75,59
2329,45,51,94
2331,68,37,73
2332,29,118,44
2338,51,363,26
2339,48,180,21
2346,36,272,44
2350,44,92,28
2373,36,35,83
2374,77,88,71
2389,65,711,85
2392,33,138,57
2393,66,116,58
2396,39,132,19
2414,48,77,97
2416,60,27,98
2420,47,192,37
2427,22,470,64
2432,61,263,56
2435,43,70,56
2441,49,77,14
2452,43,26,93
2469,44,48,27
2480,65,381,82
2495,39,33,01
2496,21,16
2501,44,255,76
2503,16,227,67
2519,19,44,65
2524,54,88,25
2525,25,103,56
2527,54,187,91
2530,41,97,05
2535,27,149,71
2544,31,162,7
2561,67,101,02
2564,45,289,52
2566,55,26,29
2569,66,84
2571,42,1681,52
2572,54,46,02
2578,25,128,38
2580,85,139,17
2582,75,325,64
2584,15,38,85
2587,32,897,82
2593,21,39,9
2600,53,90,39
2605,17,28,17
2611,65,73,72
2628,54,24,04
2638,53,284,59
2647,49,181,86
2648,59,177,93
2651,70,555,62
2654,29,135,04
2670,28,99,77
2681,50,96,59
2683,39,87,08
2703,68,50,92
2706,58,32,43
2722,44,894,74
2733,34,46,03
2738,20,144,9
2740,42,111,24
2741,57,19,95
2744,56,92,18
2748,40,242,35
2749,37,76,23
2754,38,222,78
2756,72,54,4
2760,66,575,99
2777,42,10,59
2779,46,180,69
2780,38,151,93
2782,85,159,98
2799,56,123,33
2809,38,35,12
2810,49,256,56
2815,40,126,16
2822,69,915,87
2842,61,65,85
2843,22,133,2
2855,33,197,99
2857,71,35,67
2859,78,140,24
2860,49,77,13
2870,76,874,89
2873,30,119,6
2877,21,50,6
2880,17,21,91
2887,44,44,49
2890,44,125,12
2896,38,310,86
2899,18,43,63
2905,34,223,81
2911,37,121,58
2914,49,103,23
2919,52,140,46
2935,60,127,02
2941,50,125,78
2943,58,41,33
2959,22,117,01
2967,40,97,24
2968,38,76,44
2974,40,80,29
2981,24,54,7
2988,35,45,45
3014,41,188,74
3020,53,20,04
3040,38,65,24
3052,15,79,97
3053,26,170,8
3056,45,203,46
3064,57,177,46
3073,64,33,01
3077,23,666,39
3079,37,188,18
3089,68,904,92
3095,37,1914,23
3103,38,28,2
3106,56,207,95
3108,15,129,71
3111,62,41,67
3123,51,77,96
3126,52,120,63
3128,46,49,45
3134,27,239,93
3139,38,311,74
3142,68,716,86
3144,30,82,26
3150,44,34,16
3154,66,199,14
3155,64,93,94
3160,56,278
3161,43,275,88
3176,75,255,69
3178,37,103,25
3184,27,55,62
3195,20,24,87
3201,50,207,72
3210,51,128,88
3211,44,72,68
3218,46,386,02
3221,22,27,13
3227,41,239,18
3230,48,177,61
3234,37,43,39
3244,21,269,41
3245,44,222,42
3249,24,1332,26
3260,37,77
3266,25,618,72
3274,27,87,18
3279,45,307,23
3283,25,66,37
3287,67,1763,94
3297,46,633,83
3298,40,113,28
3299,25,36,99
3301,55,465,58
3302,73,48,93
3312,53,262,23
3316,35,75,98
3333,64,403,37
3339,38,733,71
3371,31,51,94
3380,45,273,07
3381,57,331,97
3388,70,12,43
3392,41,54,41
3396,64,88,21
3398,47,53,13
3405,28,194,61
3409,53,178,62
3422,47,208,77
3426,40,68,38
3427,52,54,81
3429,61,891,41
3431,47,190,29
3452,45,289,09
3455,59,123,15
3456,34,194,63
3459,59,221,45
3462,64,369
3465,33,81,29
3471,45,180,79
3474,48,145,76
3480,50,148,7
3481,55,197,95
3485,55,24,74
3492,62,216,81
3500,47,45,02
3501,53,164,52
3502,47,169,25
3503,36,585,29
3507,51,30,65
3508,37,308,73
3509,36,193,06
3516,43,129,33
3531,24,206,05
3533,44,105,52
3535,42,119,18
3539,53,51,61
3547,34,48,32
3551,69,304,74
3557,50,117,04
3558,30,139,15
3561,23,193,26
3562,43,25,93
3575,62,227,33
3594,15,41,76
3601,21,143,42
3605,37,127,18
3608,30,105,37
3611,31,660,49
3624,15,156,41
3626,35,208,15
3636,39,70,11
3638,57,36,07
3641,39,70,25
3655,56,89,02
3662,47,108,27
3664,35,132,69
3680,30,108,16
3684,39,62,06
3685,21,57,85
3691,26,226,82
3696,62,167,47
3701,29,146,98
3705,41,124,17
3710,54,274,68
3732,31,211,16
3736,39,72,37
3746,45,49,58
3756,48,53,27
3757,56,107,9
3761,39,522,6
3768,47,253,52
3773,36,145,21
3789,35,51,79
3793,31,94,82
3811,61,102,94
3825,58,61,46
3826,51,554,64
3830,23,148,14
3836,31,278,03
3846,39,186,1
3848,30,52,99
3851,37,593,89
3860,42,25,25
3863,16,20,84
3870,64,57,7
3874,41,59,82
3883,57,122,51
3892,46,40,05
3897,63,1198,28
3901,46,32,47
3902,53,79,21
3905,26,365,64
3920,67,27,75
3925,45,42,82
3927,52,220,06
3930,40,222,04
3937,50,67,48
3940,65,117,15
3941,63,45,47
3944,62,732,57
3970,41,165,44
3972,50,83,29
3973,75,205,69
3979,62,442,06
3983,29,82,21
3985,35,251,82
3988,38,191,54
3989,39,298,7
3999,41,110,35
4003,30,219,66
4006,25,61,35
4010,25,81,69
4024,37,251,56
4025,35,120,94
4031,31,52,23
4054,24,571,05
4067,43,303,22
4070,43,245,19
4073,61,25,32
4074,29,656,24
4077,32,75,84
4080,37,16,81
4086,36,50,53
4093,39,174,33
4099,62,80,7
4103,54,529,14
4107,57,29,31
4111,54,109,2
4113,42,83,95
4115,55,296,79
4120,53,138,56
4121,76,30,2
4131,18,188,38
4135,33,221,17
4145,44,617,97
4152,85,305,56
4154,41,363,87
4156,37,381,81
4162,51,49,48
4163,44,36,28
4165,59,255,42
4166,27,157,41
4176,53,1188,64
4185,66,351,19
4186,36,430,24
4189,44,61,53
4202,54,96,14
4203,59,288,77
4211,44,21,67
4227,40,57,81
4231,39,1778,26
4246,46,132,39
4251,28,59,77
4258,35,61,71
4271,66,35,01
4273,53,32,55
4279,50,325,05
4280,34,181,93
4286,52,66,73
4304,15,41,83
4317,56,526,64
4318,49,195,21
4320,27,133,94
4327,36,146,81
4332,38,135,82
4333,29,43,46
4342,28,199,62
4345,35,134,87
4351,35,55,36
4353,28,135,81
4357,48,41,44
4360,42,102,31
4361,23,164,74
4365,59,248,13
4369,67,184,09
4370,35,80,93
4374,37,266,99
4376,56,106,55
4379,30,211,72
4380,78,51,68
4385,36,222,86
4391,35,167,66
4401,63,206,43
4405,72,25,66
4409,61,220,51
4411,66,52,28
4412,37,176,27
4415,39,37,99
4418,47,50,99
4420,65,220,89
4427,38,87,39
4439,32,205,75
4449,54,342,95
4450,53,118,73
4451,39,127,93
4462,38,146,76
4464,38,79,14
4469,26,28
4473,40,130,45
4480,45,337,29
4483,70,464,99
4486,20,281,3
4490,50,247,45
4491,57,38,26
4492,47,492,18
4493,30,298,13
4495,49,137,07
4497,18,58,43
4509,46,94,38
4512,48,478,92
4515,74,49,57
4518,55,75,15
4523,46,116,04
4525,21,641,45
4535,52,530,68
4537,61,31,65
4544,31,127,55
4546,56,153,32
4561,49,18,02
4564,52,269,25
4573,38,328,82
4574,32,1068,06
4581,43,52,65
4584,38,28,06
4589,69,42,16
4596,35,203,46
4599,40,52,22
4603,59,133,99
4606,62,30,59
4623,37,60,6
4627,25,51,09
4631,31,56,03
4634,22,309,27
4637,47,167,59
4650,24,63,29
4657,50,216,05
4671,34,105,91
4677,36,22,51
4683,15,47,4
4685,20,64,32
4694,53,204,73
4713,27,387,89
4730,50,45,05
4743,74,59,6
4756,45,56,16
4763,38,200,64
4767,46,859,87
4769,46,235,28
4770,63,51,69
4777,35,264,08
4779,58,339,08
4781,54,566,51
4782,31,68,12
4789,67,196,25
4790,41,41,01
4792,21,132,05
4799,43,294,6
4808,24,100,13
4809,42,179,04
4813,50,169,54
4815,49,51,54
4817,44,56,39
4823,41,138,99
4827,31,207
4833,47,77,88
4834,45,143,83
4836,49,40,18
4839,43,76,43
4849,68,128,71
4850,50,29,15
4853,37,50
4862,40,235,6
4870,38,84,08
4871,35,54,67
4872,50,59,99
4875,62,86,02
4877,28,178,29
4878,66,39,51
4880,70,227,4
4883,50,99,98
4888,44,64,58
4891,36,184,99
4896,62,36,02
4903,20,52,12
4918,67,450,96
4923,53,21,46
4924,43,107,8
4927,45,508,42
4929,45,172,84
4934,56,114,84
4937,34,67,11
4942,40,327,67
4954,69,97,77
4956,38,273,45
4977,50,44,21
4979,77,148,76
4992,15,165,1
4993,42,973,04
4994,66,163,51
4996,20,470,3
4999,23,314,43
5005,68,53,02
5010,56,95,82
5011,38,723,23
5013,81,20,84
5021,46,428,45
5029,72,189,33
5031,55,35,58
5034,28,42,62
5037,69,207,18
5044,18,6,97
5046,48,240,07
5056,34,26,97
5063,63,129,55
5067,59,387,57
5071,36,35,46
5073,51,238,24
5074,64,55,67
5077,42,340,73
5079,33,43,56
5089,19,67,75
5091,28,75,45
5094,41,167,67
5102,59,19,76
5114,65,51,27
5117,23,89,76
5125,38,119,8
5137,59,86,99
5141,42,138,42
5143,63,162,99
5144,43,67,69
5154,39,46,87
5155,73,29,4
5159,23,295,13
5162,61,247,4
5164,61,211,96
5166,43,104,83
5167,42,38,9
5168,54,1666,5
5169,48,13,41
5176,46,45,5
5185,42,32,89
5194,28,126,67
5195,17,141,57
5206,63,456,34
5211,16,625,14
5213,58,267,89
5216,33,178,41
5231,43,68,64
5239,24,367,95
5250,85,555,54
5253,36,17,99
5265,70,57,17
5267,38,136,5
5269,44,290,39
5275,21,45,97
5276,56,40,58
5286,60,19,45
5290,36,107,81
5296,41,401,69
5298,55,84,02
5302,32,207,96
5313,59,31,19
5321,59,9,11
5328,53,40,05
5332,53,13,42
5344,55,119,01
5345,40,90,17
5347,39,77,81
5348,33,126,24
5349,34,284,87
5351,36,106,29
5355,17,399,17
5357,42,183,54
5360,53,339,14
5366,60,28,4
5367,45,37
5380,44,58,69
5385,29,67
5388,40,24,57
5389,38,75,83
5395,57,159,43
5402,47,119,31
5411,72,777,52
5415,46,164,92
5416,30,45,68
5420,62,26,13
5422,38,41,96
5435,51,154,45
5440,67,47,37
5441,69,167,53
5443,64,16,17
5446,48,29,92
5447,23,238,69
5448,42,80,89
5451,67,132,8
5461,65,322,48
5467,27,89,3
5468,57,39,81
5474,43,29,04
5477,48,35,5
5487,58,464,94
5490,64,52,73
5491,57,76,78
5493,61,314,65
5494,22,797,3
5499,33,37,64
5504,40,56,16
5524,46,702,04
5528,42,65,31
5537,58,211,48
5540,43,19,83
5547,41,49,42
5548,31,381,13
5565,30,53,03
5566,51,170,7
5569,39,91,36
5577,85,22,83
5580,71,365,75
5600,41,190,55
5611,68,681,38
5613,37,478,1
5617,43,92,59
5628,81,46,04
5630,69,67,54
5635,32,188,21
5636,40,1709,64
5644,69,143,57
5646,45,205,69
5652,24,173,49
5653,68,225,25
5668,36,42,25
5678,24,56,41
5679,45,193,93
5686,37,36,55
5687,68,62,25
5689,67,61,78
5698,49,34,41
5703,44,245,82
5719,58,31,39
5733,67,148,68
5740,70,224,17
5742,47,131,98
5746,38,29,63
5761,67,229,56
5768,32,145,24
5776,20,21,2
5781,50,862,45
5787,72,153,54
5795,66,31,5
5799,46,871,84
5800,53,218,93
5804,63,89,01
5812,36,329,46
5815,41,34,29
5818,85,14,49
5825,55,75,84
5833,56,88,73
5836,46,180,97
5845,51,55,75
5850,34,542,04
5852,64,260,59
5856,69,78,74
5858,29,305,51
5860,36,51,43
5865,46,47,56
5876,34,264,19
5887,78,392,09
5891,31,83,29
5911,29,423,51
5912,62,70,44
5916,50,111,36
5920,58,120,46
5922,63,116,53
5940,39,97,24
5952,26,63,49
5957,57,78,61
5969,43,293,81
5975,45,134,84
5980,82,76,45
5998,46,60,96
6007,56,60,58
6012,49,155,43
6017,32,85,74
6029,21,110,82
6031,33,54,61
6034,34,195,35
6036,76,711,05
6050,72,194,35
6060,53,78,88
6077,41,211,47
6078,71,31,44
6084,44,231,68
6086,34,75,51
6088,35,196,43
6104,38,226,07
6138,34,58,44
6145,36,343,21
6149,41,126,37
6168,67,55,04
6171,35,182,66
6176,53,112,5
6179,15,20,68
6183,47,838,82
6191,58,46,47
6200,54,263,82
6203,71,67,56
6208,60,92,46
6219,51,195,63
6220,59,283,71
6227,40,780,84
6232,63,100,17
6239,30,27,83
6252,64,1373,55
6254,55,160,42
6257,45,121,4
6258,47,185,23
6263,20,95,2
6267,39,202,34
6272,35,220,22
6276,48,299,36
6283,39,38,75
6286,49,312,51
6289,85,61,34
6295,56,112,28
6299,36,479,79
6303,82,45,94
6306,64,285,36
6317,35,14,1
6323,54,142,81
6335,44,342,97
6341,41,161,5
6346,35,26,29
6347,47,31,66
6354,53,396,02
6375,61,24,01
6385,50,146,68
6391,67,24,81
6408,38,26,05
6422,51,185,28
6432,43,27,22
6435,51,32,22
6438,49,147,88
6442,35,51,87
6453,40,288,32
6457,21,294,28
6460,17,595,76
6464,35,123,05
6465,66,64,1
6473,56,1563,37
6475,65,109,01
6479,52,315,49
6481,39,201,09
6505,71,73,27
6508,60,75,02
6513,28,147,7
6514,29,585,28
6524,57,24,32
6525,33,205,21
6528,33,57,95
6534,38,223,8
6536,39,87,22
6544,49,78,51
6545,54,206,69
6547,34,44,56
6558,53,52,86
6562,64,29,68
6565,45,95,33
6570,63,578,76
6571,50,41,82
6573,38,148,3
6575,45,44,3
6578,15,17,51
6580,39,66,2
6582,50,384,31
6586,46,328,72
6588,64,555,34
6598,41,1348,37
6604,52,339,86
6618,43,60,66
6625,33,210,9
6628,34,71,71
6637,50,63,27
6639,48,37,67
6650,80,255,34
6652,45,68,24
6654,44,207,55
6659,85,268,44
6660,55,74,51
6666,45,45,84
6669,58,1546,04
6675,36,620,5
6676,40,54,34
6682,58,114,51
6683,57,67,89
6688,37,38,09
6698,72,40,81
6700,41,278,54
6701,57,40,69
6702,37,259,31
6704,40,278,47
6705,69,164,07
6708,55,191,8
6710,28,258,35
6715,77,47,35
6720,36,65,27
6722,61,187,85
6723,79,33,41
6725,50,50,8
6739,19,309,45
6741,40,174,42
6745,68,52,77
6750,37,51,61
6753,40,176,52
6755,62,97,64
6763,46,106,85
6764,40,139,75
6770,53,78,94
6775,70,29,16
6781,60,99,19
6782,36,33,53
6802,33,101,86
6806,50,203,05
6823,26,222,66
6848,59,113,95
6860,56,193,6
6874,46,15,67
6890,22,97,98
6893,26,241,95
6898,16,16,9
6906,33,52,5
6915,45,1215,2
6925,47,38,64
6929,44,228,57
6936,57,471,81
6944,57,384,41
6945,61,92,64
6957,16,493,41
6958,43,34,05
6959,60,267,48
6961,65,620,73
6980,56,34,73
6981,73,126,81
6984,81,69,05
6991,40,73,35
7014,43,79,39
7016,43,372,97
7022,55,59,38
7023,36,149,2
7041,52,71,01
7043,41,135,61
7045,66,181,78
7051,42,86,74
7056,58,33,23
7060,52,147,67
7076,39,97,44
7079,70,82,66
7083,35,27,89
7095,37,142,73
7097,43,166,41
7103,37,11,69
7107,53,68,68
7108,41,100,19
7117,54,179,26
7125,51,16,1
7127,38,87,07
7130,58,47,68
7131,66,60,26
7132,51,148,26
7136,56,48,52
7138,45,184,38
7139,49,168,65
7150,35,140,55
7155,35,344,92
7157,63,63,07
7164,45,24,05
7177,47,116,92
7193,58,62,41
7224,38,40,59
7226,59,116,87
7231,26,191,43
7236,79,326,41
7249,41,76,88
7266,37,31,52
7279,53,40,75
7284,49,67,58
7289,66,191,62
7298,54,293,8
7299,35,32,83
7306,48,2401,59
7308,38,14,34
7312,55,92,1
7318,35,29,61
7320,30,221,48
7323,49,52,7
7329,37,375,53
7351,28,38,13
7357,56,321,74
7363,59,498,05
7365,34,104,65
7366,64,305,12
7370,21,61,74
7379,33,98,09
7385,70,70,79
7386,45,83,18
7393,53,195,76
7403,39,176,67
7404,65,538,47
7406,29,132,72
7411,48,100,21
7415,36,140,25
7424,52,1222,47
7427,54,401,05
7428,46,47,32
7440,56,150,71
7453,75,184,29
7456,41,33,18
7476,57,227,91
7488,49,175,07
7498,72,2413,53
7500,65,439,1
7507,35,618,58
7510,18,126,28
7511,29,48,95
7525,35,141,16
7526,24,27,38
7527,45,128,26
7531,16,477,79
7532,46,137,96
7545,51,49,12
7547,61,285
7559,22,632,01
7567,50,92,76
7569,83,54,73
7573,38,22,51
7589,27,72,65
7594,53,25,52
7595,78,402,48
7596,38,233,42
7616,79,513,67
7621,36,12,87
7628,35,298,13
7629,70,29,19
7630,52,30,52
7641,20,23,11
7643,26,253,16
7645,42,40,49
7646,44,212,82
7649,46,27,88
7652,43,270,74
7660,17,29,15
7663,49,34,78
7670,63,46
7671,56,38,2
7675,28,117,08
7684,41,133,13
7687,35,76,67
7697,45,471,73
7698,49,180,96
7706,19,183,29
7710,37,532,72
7718,15,22,17
7719,28,60,17
7720,51,443,89
7724,23,146,83
7734,39,40,3
7740,57,58,24
7741,44,72,02
7745,78,52,8
7747,24,192,12
7760,31,114,81
7762,55,40,59
7769,19,61,9
7773,42,176,89
7785,16,173,16
7789,39,81,83
7795,50,124,77
7798,40,130,66
7802,38,27,41
7805,52,849,89
7806,61,46,71
7815,35,43,18
7821,45,156,47
7826,35,328,44
7831,38,51,76
7834,25,107,73
7852,45,19,49
7854,47,30,9
7857,46,155,36
7862,57,162,61
7863,44,10,99
7873,79,573,12
7875,30,84,6
7877,45,35,91
7885,37,118,6
7888,59,282,23
7903,36,32,58
7911,64,162,7
7917,55,200,09
7922,40,83,03
7924,66,136,28
7928,60,99,27
7931,45,403,03
7932,33,214,68
7945,67,145,92
7946,48,280,37
7953,48,19,01
7957,40,113,87
7960,75,42,37
7963,38,92,25
7973,55,2688,58
7983,43,140,85
7995,37,209,6
8002,43,58,33
8021,60,210,25
8022,56,175,09
8023,39,40,87
8028,28,70,68
8039,45,87,84
8053,57,267,96
8076,58,217,05
8079,27,78,87
8102,64,141,07
8104,62,311,94
8121,51,82,72
8124,75,410,72
8132,39,118,92
8139,50,88,39
8154,23,296,89
8172,46,105,11
8184,72,350,94
8197,74,554,47
8201,40,54,47
8205,38,418,54
8215,62,291,26
8220,31,193,77
8228,49,398,5
8231,47,38,59
8233,62,410,38
8238,23,163,46
8245,31,48,38
8247,21,38,79
8260,27,170,18
8269,35,1794,41
8272,35,173,91
8282,29,166,96
8284,31,242,55
8286,58,61,03
8293,45,267,16
8294,45,251,95
8299,43,72,56
8319,20,533,1
8320,80,1762,81
8325,74,116,73
8334,55,343,92
8341,51,41,44
8345,83,23,53
8351,45,45,67
8354,50,264,15
8361,76,404,27
8365,18,83,14
8378,32,219,19
8380,34,31,09
8383,20,73,06
8384,42,65,63
8389,33,272,1
8395,31,56,31
8398,70,80,93
8403,32,57,14
8405,34,72,34
8407,26,297,95
8410,61,81,95
8419,33,33,13
8422,38,351,59
8428,68,74,36
8446,61,108,99
8450,15,25,02
8453,58,58,14
8456,71,46,99
8460,55,77,74
8463,29,172,34
8465,45,183,7
8467,73,99,59
8468,17,26,18
8473,41,114,52
8494,38,440,34
8499,64,275,23
8504,38,626,95
8506,58,65,65
8508,21,1191,67
8515,18,65,18
8518,40,50,17
8526,47,288,04
8532,50,111,08
8541,50,201,24
8547,78,30,86
8560,29,62,95
8562,38,134,62
8565,54,131,95
8570,43,2303,15
8572,32,114,56
8578,41,393,87
8587,41,196,58
8592,54,282,75
8596,21,341,13
8600,56,28,38
8611,44,516,25
8612,40,140,65
8627,33,55,49
8630,28,33,66
8645,32,455,04
8652,45,240,74
8662,29,273,83
8665,25,93,59
8673,49,78,3
8686,40,217,02
8689,48,193,2
8694,49,329,21
8707,73,129,75
8708,61,887
8709,36,153,55
8712,36,50,94
8713,56,101,66
8714,42,225,82
8715,46,55,57
8716,29,30,82
8737,56,326,8
8739,54,1632,75
8753,70,30,09
8761,34,209,61
8762,23,172,46
8783,17,94,94
8816,42,130,96
8818,16,62,6
8822,47,152,74
8823,36,156,43
8824,40,39,21
8829,50,35,58
8830,22,104,75
8838,67,181,12
8846,36,94,48
8865,37,40,12
8874,42,55
8879,69,200,1
8880,54,108,71
8883,43,277,81
8896,50,391,2
8898,37,25,83
8913,26,80,37
8925,44,325,05
8928,66,128,1
8929,48,49,98
8939,59,365,58
8944,33,137,17
8966,60,104,87
8967,42,58,24
8972,44,217,94
8974,42,363,92
8983,30,250,32
8987,50,41,61
8991,41,172,07
9013,47,67,71
9019,37,91,46
9023,38,387,55
9024,54,121,35
9030,39,136,66
9031,68,316,64
9040,29,215,53
9047,52,44,58
9053,58,212,02
9054,42,833,84
9055,40,233,89
9089,69,331,51
9105,18,43,73
9117,35,71,7
9122,45,53,14
9127,17,33,7
9132,48,314,26
9133,58,1044,5
9135,36,42,23
9136,45,36,76
9139,39,63,03
9148,54,201,95
9157,47,55,18
9164,85,84,2
9166,52,190,51
9175,20,392,74
9178,68,32,08
9185,41,15,94
9189,35,65,13
9197,37,101,09
9198,48,28,43
9207,27,179,86
9214,50,58,07
9217,66,199,65
9222,63,54,12
9233,54,94,36
9238,71,409,52
9242,29,267,59
9248,21,95,54
9249,81,177,32
9254,29,143,06
9256,68,247,39
9269,65,42,56
9278,32,139,22
9280,35,324,06
9303,33,90,69
9305,41,44,72
9314,71,110,74
9318,39,59,44
9320,38,70,41
9322,50,172,87
9329,45,171,28
9331,43,41,8
9333,50,136,33
9337,85,70,2
9339,56,114,98
9342,71,82,04
9344,49,420,6
9347,41,142,2
9351,78,49,87
9353,57,21,5
9359,35,203,48
9363,27,94,23
9375,73,55,98
9381,65,633,83
9390,29,66,99
9409,52,69,63
9414,61,683,68
9415,69,48,13
9423,26,78,2
9432,43,216,58
9440,50,237,85
9441,41,146,57
9445,32,152,73
9451,57,148,1
9462,19,33,09
9467,33,131,96
9474,34,17,13
9479,50,20,42
9489,46,59,51
9490,50,52,54
9501,16,25,43
9502,67,50,07
9509,42,260,45
9510,67,900,19
9514,42,28,81
9520,53,59,03
9522,53,538
9523,49,184,85
9526,40,112
9531,69,750,75
9532,19,134,76
9535,64,318,82
9538,67,587,24
9547,35,74,96
9567,16,27,35
9580,64,52,63
9582,39,101,83
9590,66,199,51
9607,48,114,18
9613,60,503,45
9625,46,187,09
9635,31,102,03
9636,70,490,26
9637,51,216,44
9638,29,295,85
9639,46,71,5
9672,35,99,43
9673,47,51,48
9677,45,255,66
9678,34,63,48
9683,60,166,93
9689,29,103,12
9692,15,1412,84
9695,28,42,89
9731,39,63,78
9737,29,109,59
9757,46,39,62
9763,73,202,56
9764,37,18,92
9779,21,282,67
9787,41,100,84
9801,46,240,76
9802,67,253,6
9825,37,63,99
9828,65,241,5
9830,68,137,99
9844,47,322,33
9847,22,43,41
9857,68,254,85
9862,18,964,03
9865,40,328,48
9878,43,267,42
9882,43,28,69
9888,80,21,93
9893,52,50,04
9916,35,66,41
9925,38,181,53
9940,79,230,08
9942,35,151,08
9954,23,171,54
9963,38,42,43
9967,26,130,92
9971,52,64,83
9974,27,203,87
9984,67,56,02
9989,76,55,05
9992,43,60,18
10010,54,363,72
10015,28,49,84
10049,55,160
10050,35,113,33
10051,42,1855,72
10061,33,61,5
10068,46,251,35
10070,40,70,86
10076,30,55,3
10080,30,178,74
10082,39,30,32
10089,39,160,04
10090,51,185,72
10101,48,39,65
10102,49,306,39
10119,51,179,68
10132,41,58,68
10135,61,29,7
10147,62,59,5
10148,48,79,41
10154,67,392,25
10171,35,14,62
10174,48,1122,92
10184,52,35,4
10196,31,433,78
10198,34,49,58
10204,55,228,59
10214,41,206,63
10221,32,25,28
10228,33,393,11
10229,38,24,88
10231,62,1200,58
10235,66,67,67
10245,75,2570,22
10246,47,26,19
10248,50,691,68
10252,83,37,67
10255,46,467,03
10256,50,63,33
10271,49,129,68
10285,41,24,42
10289,58,2377,83
10298,54,41,97
10302,46,25,43
10306,57,729,07
10320,34,51,13
10323,68,23,32
10334,39,302,7
10339,65,137,13
10340,43,73,83
10343,40,266
10347,41,282,65
10350,43,343,83
10352,18,94,94
10366,30,117,55
10371,71,75
10373,52,153,26
10374,41,134,59
10375,85,59,29
10387,51,521,65
10390,33,81,76
10392,43,35,51
10394,61,49,81
10399,28,26,47
10401,44,156,18
10403,32,161,67
10404,30,264,11
10411,29,366,37
10414,45,53,05
10455,79,794,71
10466,58,166,53
10467,37,20,95
10473,69,242,73
10504,52,73,53
10515,36,59,34
10517,61,69,54
10519,46,271,19
10523,27,11,67
10529,71,341,31
10531,36,573,59
10533,58,71,34
10536,20,91,39
10543,59,46,86
10544,34,135,06
10545,57,319,38
10563,20,30,98
10566,85,133,03
10567,34,39,65
10576,40,94,45
10578,65,90,83
10590,50,150,3
10600,39,421,52
10604,42,609,55
10605,62,56,24
10611,48,285,54
10615,17,335,66
10617,66,82,7
10624,39,219,5
10626,34,302,95
10645,66,14,56
10652,63,459,88
10669,42,143,89
10670,79,878,14
10672,38,104,92
10694,25,57,29
10699,35,134,25
10704,22,19,36
10707,42,378,11
10708,38,91,91
10709,74,80,04
10718,23,273,07
10724,67,236,38
10732,38,60,59
10741,42,121,8
10742,42,106,46
10744,35,109,01
10760,39,117,3
10768,38,27,77
10778,35,292,57
10784,67,114,02
10786,47,154,98
10793,18,33,37
10798,54,107,16
10804,36,47,91
10807,59,102,62
10814,39,72,13
10825,56,164,74
10826,57,72,67
10831,31,647,58
10833,22,91,91
10835,34,171,6
10838,36,282,51
10841,41,34,5
10847,62,411,77
10856,38,436,25
10860,49,1510,22
10872,52,545,44
10877,69,32,14
10878,68,120,84
10882,69,428,46
10891,54,85,8
10895,53,83,72
10901,47,309,32
10902,39,32,56
10903,21,19,54
10906,60,46,7
10914,34,153,55
10920,34,48,56
10936,55,307,96
10940,52,93,31
10942,34,49,73
10944,49,35,44
10959,20,1833,14
10965,33,74,6
10970,56,972
10972,76,22,4
10986,72,126,01
10994,58,2563,27
10997,71,80,94
10999,60,36,31
11004,53,51,87
11005,66,177,84
11011,44,119,74
11015,51,24,46
11017,46,24,75
11018,16,123,37
11021,33,48,11
11036,40,136,99
11050,38,42,03
11056,31,58,09
11059,25,215,37
11062,37,369,97
11066,30,758,35
11068,16,17,93
11072,67,1698,34
11074,19,94,24
11077,78,249,59
11080,48,38,42
11081,52,23,71
11087,35,1592,63
11091,54,414,25
11096,74,54,91
11100,32,126,4
11103,57,160,77
11106,66,219,26
11121,39,67,61
11149,41,25,13
11172,44,33,83
11174,39,85,65
11176,58,323,64
11178,53,39,51
11183,19,192,19
11185,26,157,49
11196,59,90,07
11198,26,93,75
11203,57,319,99
11210,57,20,99
11213,50,66,98
11219,37,162,63
11221,63,70,05
11224,39,229,5
11227,35,469,5
11249,39,31,51
11250,34,56,15
11252,27,442,8
11267,34,218,48
11268,73,280,75
11277,32,57,16
11281,31,160,31
11284,72,481,7
11296,43,87,04
11300,41,21,86
11312,49,210,32
11314,44,328,25
11316,47,454,94
11324,81,389,37
11326,54,121,87
11355,40,229,35
11356,49,94,94
11363,55,749,51
11372,31,267,27
11378,44,333,64
11379,58,280,16
11383,54,119,18
11395,64,180,54
11410,24,885,73
11424,74,85,35
11431,56,370,46
11438,54,86,22
11446,52,32,66
11451,37,60,89
11456,59,163,98
11460,57,84,2
11467,45,36,89
11468,68,47,55
11470,55,45,63
11482,17,121,87
11486,32,169,1
11487,52,202,83
11495,71,243,49
11504,46,35,92
11512,44,219,35
11513,35,51,3
11514,36,26,79
11519,55,213,03
11526,56,115,5
11532,49,124,78
11533,69,35,47
11535,54,248,31
11536,38,241,84
11539,63,26,21
11541,77,1500,81
11542,36,58,24
11543,70,258,56
11546,26,197,69
11555,44,306,94
11559,50,42,15
11565,28,175,46
11603,61,148,23
11620,65,1040,45
11625,59,714,93
11627,74,198,45
11638,78,120,86
11644,59,118,28
11659,51,22,38
11667,66,43,94
11669,62,158,99
11670,40,53,42
11674,76,66,85
11682,38,35,78
11689,33,579,85
11699,49,183,73
11725,69,68,87
11735,24,175,66
11742,26,391,51
11744,71,560,77
11757,18,218,9
11765,34,177,32
11774,29,102,96
11775,37,144,94
11796,69,39,17
11801,45,74,55
11805,45,481,67
11811,52,138,25
11821,39,80,53
11827,71,387,04
11834,52,166,16
11837,69,91,13
11839,73,91,62
11861,34,408,38
11862,19,1040,66
11863,52,59,86
11883,37,141,42
11884,37,40,2
11886,54,222,05
11887,74,123,26
11890,36,89,97
11897,51,112,56
11900,38,57,5
11906,28,149,03
11911,41,44,97
11921,52,65,85
11923,20,212,36
11926,26,100,9
11932,76,25,22
11942,45,2388,24
11945,62,377,93
11949,41,538,21
11951,44,209,84
11956,69,19,37
11957,50,67,11
11964,40,26,3
11972,62,33,16
11981,50,77,95
11991,61,223,71
11994,66,80,46
11996,38,37,09
11999,29,187,32
12001,50,42,83
12002,63,121,8
12003,47,110,7
12011,52,125,47
12013,76,116,44
12019,41,502,94
12020,71,33,63
12026,41,654,33
12028,36,735,84
12032,69,207,9
12033,37,696,75
12035,49,25,54
12036,41,99,74
12053,40,331,16
12054,44,71,54
12056,47,30,25
12058,60,264,14
12064,57,91,05
12074,42,369,13
12077,19,219,13
12088,65,59,54
12098,49,233,71
12099,17,235,03
12102,56,469,37
12106,66,376,26
12109,24,375,93
12112,70,95,81
12116,60,236,19
12126,68,373,2
12127,67,251,57
12131,57,29,97
12140,36,122,23
12151,22,177,44
12154,58,59,25
12161,42,191,4
12165,45,48,34
12168,16,10,48
12172,33,202
12194,30,71,34
12198,78,29,73
12199,50,254,58
12205,37,72,87
12206,43,98,31
12208,15,104,17
12210,29,200,85
12222,69,334,15
12229,44,51,87
12230,40,35,6
12231,18,33,94
12235,53,47,68
12237,68,416,31
12238,38,122,68
12242,51,1514,24
12251,38,155,35
12257,37,298,14
12269,56,21,13
12272,47,42,34
12288,36,53,92
12291,26,430,69
12292,21,873,85
12313,68,128,11
12317,47,57,06
12322,62,201,06
12327,72,92,28
12328,31,971,1
12332,43,214,08
12335,60,285,71
12368,33,282,17
12377,27,252,75
12387,42,417,45
12397,42,34,52
12401,36,284,69
12411,56,130,73
12414,55,31,63
12417,31,38,95
12421,42,59,23
12434,44,82,53
12441,74,51,58
12448,30,385,78
12450,18,218,95
12451,46,129,31
12461,76,36,44
12462,40,182,67
12475,65,419,33
12478,58,110,99
12481,55,640,18
12489,51,132,07
12494,71,94,97
12497,37,41,19
12513,15,27,14
12515,62,1862,12
12520,46,183,35
12526,53,37,1
12534,20,200,65
12535,56,362,07
12537,54,106,64
12545,57,98,16
12550,60,104,25
12551,45,20,37
12571,66,118,23
12581,40,82,84
12605,60,57,15
12610,26,32,1
12618,43,31,11
12622,36,132,89
12629,21,29,04
12640,41,52,73
12643,36,325,19
12646,46,45,64
12648,25,80,79
12657,33,191,92
12660,27,21,84
12668,67,2681,82
12670,33,144,71
12696,58,16,41
12700,32,58,83
12705,66,226,62
12706,26,33,07
12708,49,155,13
12717,66,61,07
12718,46,364,07
12722,15,12,93
12732,33,471,4
12735,45,72,92
12743,45,264,4
12747,33,62,38
12751,53,395
12754,44,41,27
12756,60,309,88
12763,33,231,89
12771,36,153,12
12775,47,49,92
12785,43,72,55
12788,32,49,64
12800,52,139,73
12814,70,96,93
12821,73,57,48
12822,41,89,68
12825,66,31,82
12826,66,316,68
12840,59,170,29
12843,75,214,19
12845,58,48,79
12854,57,225,23
12858,56,400,61
12860,79,48,82
12865,35,175,8
12870,40,136,08
12873,62,369,12
12890,57,201,19
12893,51,59,96
12898,52,135,45
12912,72,63,27
12929,70,593,45
12935,53,57,23
12939,68,188,78
12947,37,135,59
12950,32,146,45
12953,63,178,55
12957,80,737,3
12960,36,62,32
12967,62,426,67
12982,49,59,83
12999,22,33,69
13008,64,295,23
13018,51,55,33
13028,33,34,42
13032,18,32,54
13038,57,89,38
13043,57,76,3
13053,42,155,29
13055,34,298,12
13059,55,82,67
13061,67,37,04
13063,32,29,52
13080,64,24,03
13083,35,330,81
13088,75,54,37
13089,46,42,92
13090,56,139,33
13094,67,95,01
13098,34,170,3
13116,35,249,29
13117,42,141,77
13120,73,109,18
13123,47,81,79
13126,39,118,83
13140,18,38,61
13144,51,41,57
13145,21,285,07
13147,56,64,3
13153,54,233,06
13155,68,713,6
13158,27,119,77
13159,70,26,41
13165,40,68,72
13166,58,44,84
13173,67,217,67
13177,72,576,32
13185,25,132,85
13199,25,219,68
13203,39,127,33
13204,30,314,97
13206,42,153,15
13208,44,145,49
13214,22,135,78
13219,30,516,01
13226,67,452,82
13230,39,45,64
13232,22,24,14
13237,36,95,85
13249,30,475,87
13250,57,45,34
13251,25,146,71
13274,38,36,98
13279,17,135,88
13285,21,75,32
13301,56,57,25
13314,69,27,54
13324,69,40,66
13327,71,49,63
13328,72,21,87
13329,71,144,38
13330,39,114,17
13332,39,40,75
13343,74,3305,3
13346,49,264,38
13349,32,43,84
13356,59,37,19
13362,60,173,4
13363,47,114,7
13368,34,337,36
13373,30,121,58
13376,71,312,95
13378,44,45,69
13391,22,238,86
13395,33,438,28
13396,39,166,99
13397,64,2815,85
13420,33,88,03
13423,70,39,98
13434,37,175,1
13436,35,784,53
13440,69,138,48
13455,52,291,39
13456,42,50,15
13459,26,74,21
13463,60,40,7
13465,70,23,44
13466,31,239,27
13470,40,175,03
13473,49,1639,48
13476,52,174,24
13477,26,279,42
13486,59,419,51
13488,40,62
13496,51,103,77
13498,28,190,67
13503,23,66,79
13509,23,89,58
13511,55,115,48
13517,45,57,63
13525,34,53,79
13531,71,157,97
13541,46,179,27
13550,69,82,57
13552,66,154,42
13553,43,50,54
13571,19,40,73
13576,47,20,5
13584,23,104,12
13585,19,78,47
13588,26,44,99
13594,47,75,76
13614,54,843,2
13616,24,157,05
13631,67,104,79
13650,39,31,01
13654,32,445,66
13658,73,55,55
13671,67,54,9
13672,28,339,55
13678,28,169,59
13679,36,213,84
13687,62,211,09
13695,71,394,88
13707,35,93,61
13709,70,346,76
13723,34,118,47
13725,59,106,56
13729,68,142,39
13733,57,40,83
13747,28,552,64
13748,68,413,52
13749,65,38,44
13768,73,87,88
13775,40,68,85
13781,35,189,5
13788,39,362,83
13798,57,217,99
13805,58,41,6
13807,54,844,22
13809,65,353,09
13810,46,42,3
13824,29,173,87
13826,56,51,15
13837,49,168,21
13851,73,207,2
13856,69,60,03
13868,55,74,33
13872,27,42,85
13883,40,454,98
13884,25,270,36
13900,46,111,27
13903,71,37,21
13912,46,93,56
13918,65,112,59
13923,85,92,02
13934,65,53,28
13942,54,107,22
13943,32,244,05
13944,42,188,12
13946,49,199,16
13951,27,594,28
13969,61,23,17
13978,69,267,13
13979,35,77,44
13989,68,96,3
14005,57,42,37
14010,36,217,39
14013,45,35,53
14014,61,188,28
14019,34,38,88
14029,44,43,28
14032,39,1908,41
14034,24,109,81
14039,66,206,33
14042,60,52,12
14045,40,483,81
14047,37,129,33
14053,49,205,39
14058,45,644,01
14064,43,51,46
14065,51,128,31
14073,40,181,64
14082,35,130,83
14085,60,184,42
14088,44,94,33
14091,53,81,61
14097,36,239,62
14099,62,65,68
14102,44,133,73
14109,71,736,98
14110,52,18,82
14111,44,191,9
14119,28,164,91
14125,68,587,87
14138,27,232,14
14139,50,124,42
14151,33,60,37
14162,39,49,28
14169,64,126,68
14177,66,87,95
14180,48,155,27
14185,31,1457,38
14190,65,36,97
14205,53,53,57
14206,46,35,44
14209,34,153,33
14246,63,55,09
14260,76,171
14261,45,129,45
14263,31,49,32
14265,51,147,09
14268,47,30,32
14271,55,97,81
14277,16,121,42
14284,72,30,8
14296,56,242,8
14301,62,54,6
14310,41,127,03
14322,31,203,1
14323,62,22,76
14334,66,433,3
14338,54,118,66
14340,35,872,99
14342,54,1739,46
14344,45,457,43
14347,24,366,85
14353,53,68,05
14357,45,81,76
14359,76,30,79
14364,64,33,99
14366,33,177,72
14372,47,87,44
14378,17,108,68
